id,label
00000.png,U
00001.png,RRYQ
00002.png,6
00003.png,7GDQ
00004.png,XJTB
00005.png,GU0
00006.png,2P
00007.png,8
00008.png,WCAV
00009.png,GFLH
00010.png,O
00011.png,XQVE
00012.png,K4
00013.png,C
00014.png,G4DV
00015.png,0L4Z
00016.png,X0
00017.png,T21
00018.png,802
00019.png,2
00020.png,1FEL
00021.png,VW7U
00022.png,HA
00023.png,M
00024.png,HY4S
00025.png,58B
00026.png,BQ
00027.png,QSM
00028.png,E4GJ
00029.png,IO5S
00030.png,0FO
00031.png,9
00032.png,Z
00033.png,P
00034.png,JK8
00035.png,NTV
00036.png,6
00037.png,4
00038.png,S1L
00039.png,EI
00040.png,R3M
00041.png,U
00042.png,J6
00043.png,Q64
00044.png,X
00045.png,UF82
00046.png,IX
00047.png,S0J
00048.png,9ITE
00049.png,48
00050.png,EEVM
00051.png,RF
00052.png,JQZ
00053.png,V
00054.png,NH
00055.png,7
00056.png,ZW3
00057.png,PEM
00058.png,JUO
00059.png,EX
00060.png,F
00061.png,Y0J
00062.png,MG7
00063.png,20
00064.png,DDR6
00065.png,ZBLU
00066.png,4I
00067.png,X
00068.png,41Q
00069.png,8Q
00070.png,X
00071.png,ADKN
00072.png,4NN
00073.png,R
00074.png,R59
00075.png,QMI
00076.png,2US9
00077.png,AP
00078.png,9X5R
00079.png,RG
00080.png,HPA
00081.png,XM
00082.png,XC3
00083.png,9
00084.png,U
00085.png,Y
00086.png,L5
00087.png,S9S
00088.png,NZ5
00089.png,0R
00090.png,IF
00091.png,JIG
00092.png,YM
00093.png,MAFG
00094.png,NY2
00095.png,2
00096.png,JO
00097.png,PJYP
00098.png,L2
00099.png,W
00100.png,1
00101.png,L
00102.png,CO7
00103.png,A9U9
00104.png,CXBN
00105.png,4P
00106.png,PIF
00107.png,C
00108.png,3EG
00109.png,4OAA
00110.png,Y
00111.png,ZMH
00112.png,UAK2
00113.png,HLLR
00114.png,ZEE
00115.png,2
00116.png,8P
00117.png,PR7
00118.png,4M
00119.png,820G
00120.png,A7
00121.png,AB8
00122.png,JXK8
00123.png,8
00124.png,IB9
00125.png,H
00126.png,P9N
00127.png,JHIV
00128.png,J
00129.png,449J
00130.png,HA
00131.png,WL
00132.png,ZLD
00133.png,CHZ
00134.png,SQR
00135.png,ONF
00136.png,0UA1
00137.png,1XUI
00138.png,D
00139.png,TF
00140.png,C
00141.png,VNNR
00142.png,F64
00143.png,VQ
00144.png,WY
00145.png,8Y1H
00146.png,GDX
00147.png,7
00148.png,MD
00149.png,H
00150.png,PG
00151.png,JWY6
00152.png,3EX
00153.png,QDML
00154.png,MSD
00155.png,QK8
00156.png,4KV
00157.png,X22I
00158.png,1P9T
00159.png,TZII
00160.png,B
00161.png,Y
00162.png,DH
00163.png,V
00164.png,VQZ
00165.png,UH7
00166.png,AR4A
00167.png,NX8
00168.png,0MZ
00169.png,5E78
00170.png,U15
00171.png,P
00172.png,S
00173.png,LEV
00174.png,4F
00175.png,BQ
00176.png,GVU0
00177.png,2V3R
00178.png,FK
00179.png,AIYE
00180.png,W
00181.png,Y
00182.png,I7S
00183.png,0B
00184.png,XG
00185.png,V
00186.png,MQK
00187.png,V0KB
00188.png,1ZZ8
00189.png,T
00190.png,5I8D
00191.png,QEJ
00192.png,XYXL
00193.png,5T
00194.png,9547
00195.png,ZV
00196.png,JM
00197.png,5TTF
00198.png,GME
00199.png,OZ3E
00200.png,DTB
00201.png,JGOM
00202.png,YK3
00203.png,OYD
00204.png,4Q
00205.png,7
00206.png,V
00207.png,LGJ
00208.png,VZ3C
00209.png,MKJ
00210.png,8MU
00211.png,E0N
00212.png,32
00213.png,C
00214.png,ODES
00215.png,L30
00216.png,RNK5
00217.png,3
00218.png,RRM
00219.png,INP
00220.png,AT9C
00221.png,GEEY
00222.png,Q
00223.png,5B
00224.png,GA
00225.png,7S59
00226.png,Z22
00227.png,W
00228.png,2J
00229.png,B13
00230.png,MRXC
00231.png,FW
00232.png,BTXI
00233.png,NFR
00234.png,8PW
00235.png,B5
00236.png,XH
00237.png,MXKK
00238.png,U2V
00239.png,Z
00240.png,8UO
00241.png,ITJR
00242.png,M6
00243.png,6V
00244.png,430G
00245.png,UIQO
00246.png,K
00247.png,R5J
00248.png,03
00249.png,K4K
00250.png,ZCH
00251.png,L
00252.png,KAWF
00253.png,E
00254.png,Y6UJ
00255.png,12
00256.png,VQ9
00257.png,MW
00258.png,A56
00259.png,S
00260.png,8HZZ
00261.png,BQ
00262.png,8EG
00263.png,5BQ
00264.png,DPBK
00265.png,5
00266.png,E
00267.png,0MJ
00268.png,CX0
00269.png,XDD
00270.png,S3I
00271.png,BF1
00272.png,JO7E
00273.png,F6
00274.png,FCJ
00275.png,8
00276.png,SS
00277.png,CJ
00278.png,GED
00279.png,O4
00280.png,K
00281.png,WQB
00282.png,W
00283.png,YQ
00284.png,QB
00285.png,4
00286.png,F0
00287.png,7Z
00288.png,3PO4
00289.png,B
00290.png,KU
00291.png,O
00292.png,T
00293.png,HMTX
00294.png,ZL02
00295.png,TEDY
00296.png,BUW
00297.png,K
00298.png,5PU7
00299.png,Q1
00300.png,Q
00301.png,97Z
00302.png,PK9
00303.png,PJN
00304.png,1
00305.png,RW
00306.png,VLS
00307.png,4I
00308.png,G
00309.png,ZU
00310.png,7L1
00311.png,TU
00312.png,0Q
00313.png,Q65P
00314.png,WO4R
00315.png,F
00316.png,JEG
00317.png,0
00318.png,O8
00319.png,T
00320.png,G6CW
00321.png,WZL
00322.png,0TRQ
00323.png,SO5
00324.png,47X1
00325.png,V0
00326.png,H
00327.png,L2R
00328.png,056
00329.png,LKXS
00330.png,H2ZC
00331.png,6V
00332.png,X
00333.png,L94S
00334.png,5I4
00335.png,D08H
00336.png,LQUO
00337.png,FHE
00338.png,7V8
00339.png,VY
00340.png,CE5
00341.png,D7
00342.png,83
00343.png,9YNK
00344.png,TAC
00345.png,6
00346.png,DWLZ
00347.png,1LUI
00348.png,N4D
00349.png,XVDO
00350.png,UZ6D
00351.png,Z
00352.png,Y1U1
00353.png,6YYA
00354.png,Z8I8
00355.png,Y
00356.png,Q0
00357.png,K
00358.png,KN
00359.png,4F0
00360.png,NJ69
00361.png,1W
00362.png,TC
00363.png,DO2
00364.png,3
00365.png,OZE
00366.png,SR8
00367.png,NS4G
00368.png,0
00369.png,RSP
00370.png,TPE
00371.png,0
00372.png,5
00373.png,P0
00374.png,YCQ
00375.png,DWSI
00376.png,ULU
00377.png,9FRK
00378.png,V1WO
00379.png,A7M
00380.png,ZU
00381.png,V
00382.png,6G
00383.png,B
00384.png,405
00385.png,U9C
00386.png,EE
00387.png,1P0X
00388.png,VYD
00389.png,4JH
00390.png,3B
00391.png,6F
00392.png,JSEF
00393.png,YPT9
00394.png,FP7
00395.png,9DE
00396.png,E
00397.png,I5
00398.png,7
00399.png,Q
00400.png,MK6
00401.png,Z
00402.png,9
00403.png,XV7
00404.png,LI
00405.png,EPA
00406.png,XS7
00407.png,3
00408.png,RIM
00409.png,V
00410.png,G
00411.png,Q8W
00412.png,W7K
00413.png,8S02
00414.png,I
00415.png,7
00416.png,4W
00417.png,5G
00418.png,YEA
00419.png,5BR
00420.png,EDAK
00421.png,59YY
00422.png,R6
00423.png,00Z
00424.png,PUIA
00425.png,J7R
00426.png,VWJ
00427.png,UL
00428.png,VI
00429.png,XRSP
00430.png,J
00431.png,OH9
00432.png,DJ4Z
00433.png,9UTQ
00434.png,NCDN
00435.png,PE
00436.png,PMOV
00437.png,35LL
00438.png,L1MX
00439.png,LO52
00440.png,R
00441.png,6PO
00442.png,QA
00443.png,Q4WC
00444.png,DD9
00445.png,PDU
00446.png,BI
00447.png,T
00448.png,CY1
00449.png,PWI
00450.png,02
00451.png,R
00452.png,JK
00453.png,T
00454.png,0OB
00455.png,T
00456.png,7E6M
00457.png,01ER
00458.png,VAS
00459.png,BAP1
00460.png,P7
00461.png,FG0
00462.png,8MMS
00463.png,3OZ
00464.png,OC
00465.png,38N2
00466.png,3T1V
00467.png,DG
00468.png,IEGO
00469.png,L1H
00470.png,O51
00471.png,R0N
00472.png,6J95
00473.png,H4XA
00474.png,MT
00475.png,54D7
00476.png,N8K
00477.png,0OL
00478.png,NVLL
00479.png,UM
00480.png,9W5
00481.png,0JTK
00482.png,6N
00483.png,2AC4
00484.png,V
00485.png,RGB3
00486.png,RJB
00487.png,HPB7
00488.png,2X
00489.png,HP93
00490.png,FE9
00491.png,2
00492.png,YPV
00493.png,D
00494.png,4W
00495.png,8
00496.png,RW
00497.png,N
00498.png,WUXE
00499.png,OJE4
00500.png,0OON
00501.png,N7YE
00502.png,RM
00503.png,9CA
00504.png,S25
00505.png,Z
00506.png,A
00507.png,FI
00508.png,7
00509.png,4VV
00510.png,8C8
00511.png,0
00512.png,05QB
00513.png,W9M4
00514.png,W8
00515.png,G9XK
00516.png,N3K2
00517.png,U
00518.png,9
00519.png,HI
00520.png,6U
00521.png,4T
00522.png,IIN
00523.png,9R
00524.png,Z5
00525.png,6PD
00526.png,R
00527.png,IK0S
00528.png,EC
00529.png,Z1MB
00530.png,PO7
00531.png,84
00532.png,OTG
00533.png,B
00534.png,CIH
00535.png,R0L3
00536.png,2M1F
00537.png,RC1X
00538.png,QP
00539.png,JV
00540.png,BQ6U
00541.png,M
00542.png,AT2
00543.png,I7
00544.png,X3FM
00545.png,9QIM
00546.png,8V
00547.png,N
00548.png,1FJ
00549.png,3VC
00550.png,M
00551.png,YO
00552.png,Z
00553.png,9
00554.png,96H
00555.png,CO6R
00556.png,M
00557.png,0
00558.png,0ZU4
00559.png,J6TN
00560.png,5U
00561.png,K
00562.png,LY
00563.png,KAUE
00564.png,T
00565.png,Z5
00566.png,T
00567.png,OAC
00568.png,4A
00569.png,7272
00570.png,QN
00571.png,WA
00572.png,H
00573.png,UG
00574.png,SEA
00575.png,KWW9
00576.png,FQ5W
00577.png,BFY
00578.png,X
00579.png,OS
00580.png,T
00581.png,1K
00582.png,GGFJ
00583.png,QOWA
00584.png,W
00585.png,3
00586.png,K121
00587.png,IKPA
00588.png,RJAL
00589.png,JO
00590.png,PJIZ
00591.png,X
00592.png,VU6
00593.png,O2C2
00594.png,TQX
00595.png,O4E
00596.png,LY
00597.png,Q
00598.png,W
00599.png,HXVI
00600.png,5N3
00601.png,5
00602.png,R5D
00603.png,OK
00604.png,LF
00605.png,R90
00606.png,AU6
00607.png,LD
00608.png,E5BB
00609.png,LT
00610.png,FEU3
00611.png,ZX
00612.png,V
00613.png,J8LU
00614.png,4K
00615.png,Y
00616.png,YJ5U
00617.png,SO13
00618.png,B
00619.png,J
00620.png,L42T
00621.png,4MZU
00622.png,J
00623.png,05
00624.png,T7C
00625.png,IM
00626.png,2
00627.png,GSC
00628.png,R
00629.png,26P
00630.png,KVDL
00631.png,PKKB
00632.png,DAG
00633.png,H5FH
00634.png,9B
00635.png,TNXI
00636.png,I
00637.png,RW3
00638.png,L
00639.png,JH
00640.png,0I
00641.png,U5
00642.png,772
00643.png,2LLY
00644.png,1P0U
00645.png,ZH5
00646.png,S
00647.png,6G
00648.png,Q3
00649.png,P
00650.png,SK5V
00651.png,HV
00652.png,KB
00653.png,AEW
00654.png,P4R
00655.png,W
00656.png,OA
00657.png,1B2
00658.png,EQF
00659.png,ATXZ
00660.png,Y
00661.png,I4
00662.png,NMI4
00663.png,T
00664.png,0L
00665.png,9QM
00666.png,LW
00667.png,IE
00668.png,RQP
00669.png,1
00670.png,R
00671.png,KGA
00672.png,S
00673.png,0
00674.png,2
00675.png,Y3K4
00676.png,5CA
00677.png,8828
00678.png,4
00679.png,3XWV
00680.png,U18
00681.png,C
00682.png,HTCV
00683.png,8C
00684.png,41LB
00685.png,34
00686.png,6C1
00687.png,ED9
00688.png,1HE
00689.png,4Y0W
00690.png,5M7
00691.png,3
00692.png,A
00693.png,A5S
00694.png,BNXQ
00695.png,II
00696.png,59C
00697.png,V
00698.png,W89Z
00699.png,TTC
00700.png,AOTR
00701.png,G
00702.png,OK
00703.png,C
00704.png,V
00705.png,RJ
00706.png,M7
00707.png,1
00708.png,LD5L
00709.png,NE
00710.png,Y
00711.png,T5
00712.png,P36W
00713.png,7S5
00714.png,V2TF
00715.png,3
00716.png,SB
00717.png,UFK
00718.png,7NWI
00719.png,U
00720.png,P7O6
00721.png,NK
00722.png,Y6H7
00723.png,V
00724.png,ZQH
00725.png,3Y
00726.png,KMBA
00727.png,8
00728.png,G5
00729.png,DYEV
00730.png,IN
00731.png,XGG
00732.png,L
00733.png,L3
00734.png,I
00735.png,5QK
00736.png,SV4
00737.png,VF
00738.png,99XQ
00739.png,WM
00740.png,8E
00741.png,IYDG
00742.png,N
00743.png,9
00744.png,05
00745.png,58
00746.png,OL
00747.png,V2A
00748.png,K
00749.png,6Y
00750.png,JS
00751.png,40
00752.png,057
00753.png,6R5K
00754.png,1Z
00755.png,O
00756.png,I
00757.png,K
00758.png,Y9
00759.png,75YC
00760.png,B0
00761.png,OHYB
00762.png,PPOR
00763.png,7KL
00764.png,A
00765.png,4DC
00766.png,OI8S
00767.png,QTE
00768.png,S
00769.png,7P
00770.png,5
00771.png,B
00772.png,VJ
00773.png,2
00774.png,Y6BC
00775.png,8USF
00776.png,H
00777.png,C55H
00778.png,C
00779.png,4
00780.png,Y
00781.png,12
00782.png,OA
00783.png,I
00784.png,O
00785.png,6O4
00786.png,PWTL
00787.png,W
00788.png,PZ
00789.png,ODHC
00790.png,M6
00791.png,D071
00792.png,2PVI
00793.png,K
00794.png,KE
00795.png,1
00796.png,UG
00797.png,CN4
00798.png,18M1
00799.png,9
00800.png,B
00801.png,ORC
00802.png,JQL
00803.png,V
00804.png,OIS6
00805.png,C
00806.png,HD
00807.png,0J0
00808.png,6
00809.png,40
00810.png,0
00811.png,9
00812.png,EA
00813.png,AW
00814.png,U6
00815.png,PQA
00816.png,KB47
00817.png,GD
00818.png,M8IK
00819.png,0N
00820.png,Y
00821.png,7QGK
00822.png,NRT
00823.png,1M
00824.png,PJ
00825.png,3X
00826.png,8FVI
00827.png,MYS
00828.png,HD
00829.png,WX79
00830.png,2
00831.png,PS
00832.png,HCL
00833.png,HFJ8
00834.png,026A
00835.png,G4E
00836.png,T
00837.png,J
00838.png,BVK
00839.png,DE
00840.png,MP9
00841.png,M
00842.png,KP6
00843.png,IEVV
00844.png,PROV
00845.png,G
00846.png,UG
00847.png,3
00848.png,8L
00849.png,DBOA
00850.png,PD5E
00851.png,6
00852.png,GQ81
00853.png,O
00854.png,J0A
00855.png,TNKY
00856.png,C0T
00857.png,9
00858.png,M
00859.png,5U
00860.png,D5PQ
00861.png,JK
00862.png,00J
00863.png,LTI
00864.png,871
00865.png,0
00866.png,SSG9
00867.png,I
00868.png,4G
00869.png,3D
00870.png,QIL9
00871.png,7
00872.png,8A
00873.png,U
00874.png,Q8HB
00875.png,BJ7
00876.png,EOE
00877.png,DCL4
00878.png,J4JA
00879.png,5MRS
00880.png,9
00881.png,8211
00882.png,G7UO
00883.png,PD
00884.png,D
00885.png,7FAK
00886.png,Z
00887.png,CHT
00888.png,H7X
00889.png,K
00890.png,GS
00891.png,4RG
00892.png,LJ
00893.png,44IG
00894.png,QC2
00895.png,J
00896.png,KWGO
00897.png,QZ
00898.png,T
00899.png,6P
00900.png,CVCY
00901.png,G
00902.png,N0
00903.png,8L6
00904.png,D
00905.png,EA
00906.png,96
00907.png,MD3X
00908.png,5
00909.png,602
00910.png,MWT
00911.png,UN
00912.png,TTNR
00913.png,PX17
00914.png,WX43
00915.png,PJW
00916.png,6DB
00917.png,8X
00918.png,207
00919.png,M3WS
00920.png,K
00921.png,E
00922.png,N
00923.png,1E
00924.png,EHJL
00925.png,3P2
00926.png,QEI
00927.png,05
00928.png,JT
00929.png,4CQN
00930.png,3AGS
00931.png,WFV
00932.png,9OKZ
00933.png,HI
00934.png,2S
00935.png,IGTY
00936.png,DMG
00937.png,6J3C
00938.png,K8MW
00939.png,G6SZ
00940.png,Y3MN
00941.png,T
00942.png,NU
00943.png,YKK6
00944.png,N
00945.png,W7R
00946.png,N
00947.png,N
00948.png,U1
00949.png,P
00950.png,PR
00951.png,3H83
00952.png,HKK
00953.png,JKNW
00954.png,0
00955.png,E0J
00956.png,O3
00957.png,TRN
00958.png,6
00959.png,37B
00960.png,4BG
00961.png,08
00962.png,UW
00963.png,KCSK
00964.png,ZP
00965.png,V5
00966.png,FR
00967.png,SV
00968.png,YS
00969.png,HB
00970.png,UTIP
00971.png,CP4
00972.png,2
00973.png,1E
00974.png,PBL
00975.png,F9K
00976.png,SX
00977.png,3F7T
00978.png,6A
00979.png,8
00980.png,PH9F
00981.png,0Z4
00982.png,5W
00983.png,80HX
00984.png,T
00985.png,0
00986.png,T8
00987.png,NC
00988.png,28
00989.png,AMTO
00990.png,3MVL
00991.png,2
00992.png,UOG
00993.png,MV8
00994.png,BNI2
00995.png,XTHU
00996.png,KB
00997.png,PA
00998.png,0O
00999.png,8LTE
01000.png,VUO
01001.png,WZ
01002.png,O
01003.png,LX8T
01004.png,6U
01005.png,V
01006.png,MT
01007.png,WM
01008.png,KL5
01009.png,1
01010.png,B
01011.png,P9T5
01012.png,3G
01013.png,C35N
01014.png,C
01015.png,QP9
01016.png,NN6
01017.png,UC89
01018.png,LET
01019.png,D
01020.png,FA9P
01021.png,H
01022.png,MTC9
01023.png,YM
01024.png,54
01025.png,H
01026.png,R
01027.png,3N3
01028.png,Q5EE
01029.png,0V
01030.png,RMXB
01031.png,W7T
01032.png,X7PM
01033.png,3ST
01034.png,VBG7
01035.png,FY90
01036.png,OBK4
01037.png,KC
01038.png,UL3
01039.png,F
01040.png,Z5
01041.png,Z
01042.png,P2
01043.png,E6
01044.png,LJ0W
01045.png,JH
01046.png,V2W
01047.png,DJKU
01048.png,3Y
01049.png,M
01050.png,J5MF
01051.png,UAS8
01052.png,E
01053.png,D2
01054.png,W
01055.png,S474
01056.png,A48R
01057.png,H458
01058.png,IQ
01059.png,P3NS
01060.png,RQT
01061.png,3
01062.png,W
01063.png,K
01064.png,GK2B
01065.png,GJ
01066.png,08
01067.png,S603
01068.png,8
01069.png,K0V
01070.png,A1X6
01071.png,PF
01072.png,RF6H
01073.png,5BV
01074.png,DN
01075.png,O
01076.png,CG
01077.png,GE6Z
01078.png,A
01079.png,XZ8
01080.png,M
01081.png,K8TW
01082.png,W
01083.png,F0
01084.png,P3
01085.png,U
01086.png,DUC8
01087.png,D
01088.png,IN
01089.png,9V
01090.png,XYUD
01091.png,7L6F
01092.png,JX6
01093.png,C1
01094.png,AQ
01095.png,3
01096.png,N
01097.png,YZ3
01098.png,W2OP
01099.png,KM
01100.png,UWZ
01101.png,5MFQ
01102.png,B
01103.png,P
01104.png,U
01105.png,JZA
01106.png,XR
01107.png,S
01108.png,G4IQ
01109.png,S8
01110.png,59TC
01111.png,CW3L
01112.png,48FS
01113.png,U57J
01114.png,H
01115.png,0RXV
01116.png,NUAM
01117.png,IE
01118.png,ZTT
01119.png,6BKP
01120.png,WC
01121.png,XJGQ
01122.png,DF
01123.png,IU
01124.png,YI
01125.png,1
01126.png,M
01127.png,IV
01128.png,056
01129.png,UEHW
01130.png,BR
01131.png,L
01132.png,H7ZH
01133.png,S
01134.png,7S46
01135.png,1850
01136.png,O
01137.png,U
01138.png,R
01139.png,GP
01140.png,T00Q
01141.png,WB
01142.png,V
01143.png,GMIG
01144.png,1RL
01145.png,CC
01146.png,D8
01147.png,5
01148.png,KB
01149.png,0BK
01150.png,QKT
01151.png,DW
01152.png,P61D
01153.png,Q5S
01154.png,KWA
01155.png,1
01156.png,4
01157.png,JFP
01158.png,2
01159.png,K9
01160.png,C3H
01161.png,Y60I
01162.png,W
01163.png,3K
01164.png,B
01165.png,1
01166.png,RE69
01167.png,M9
01168.png,JQV
01169.png,8
01170.png,DR
01171.png,FXF
01172.png,ZVYZ
01173.png,QVF
01174.png,224
01175.png,Y
01176.png,YTZ2
01177.png,GAJ
01178.png,U
01179.png,DM
01180.png,GO8W
01181.png,HPK5
01182.png,ORYT
01183.png,0VV
01184.png,D4
01185.png,RFB2
01186.png,QUV
01187.png,PP1Y
01188.png,C
01189.png,AJ
01190.png,2D5
01191.png,M1
01192.png,Z
01193.png,VB
01194.png,H5
01195.png,7X
01196.png,5
01197.png,GH
01198.png,WI
01199.png,RE
01200.png,N
01201.png,U44U
01202.png,H
01203.png,2
01204.png,5
01205.png,T7N
01206.png,Q
01207.png,32
01208.png,QCT
01209.png,F
01210.png,UGT
01211.png,PSK
01212.png,N
01213.png,VCP8
01214.png,XW
01215.png,M4QH
01216.png,MP5
01217.png,UURP
01218.png,U
01219.png,7
01220.png,J
01221.png,P5S0
01222.png,NA
01223.png,0GY
01224.png,EDVS
01225.png,HNFF
01226.png,PR7N
01227.png,U5U
01228.png,T2
01229.png,O8
01230.png,12KW
01231.png,L
01232.png,S7
01233.png,9
01234.png,6
01235.png,S
01236.png,MXZ
01237.png,RC
01238.png,YW7
01239.png,S
01240.png,92I
01241.png,G
01242.png,QQ2
01243.png,K8
01244.png,X
01245.png,41F
01246.png,FEAM
01247.png,J3
01248.png,AU
01249.png,F
01250.png,TYA3
01251.png,W3A
01252.png,PQZH
01253.png,0P
01254.png,I
01255.png,3
01256.png,G1
01257.png,BP
01258.png,H
01259.png,K2I7
01260.png,4
01261.png,WO3
01262.png,J
01263.png,NOSV
01264.png,CR
01265.png,MSMD
01266.png,F
01267.png,Q2F8
01268.png,YU
01269.png,EK
01270.png,773V
01271.png,8MKW
01272.png,F7QW
01273.png,EA8
01274.png,C0
01275.png,I
01276.png,C
01277.png,BJB
01278.png,YKRW
01279.png,CDU
01280.png,7W
01281.png,QRP
01282.png,TX60
01283.png,4CH
01284.png,E
01285.png,L
01286.png,A0B1
01287.png,A5
01288.png,V0
01289.png,J5R
01290.png,GML
01291.png,H
01292.png,K5TL
01293.png,2NYT
01294.png,U
01295.png,EX
01296.png,TEPH
01297.png,JP
01298.png,O
01299.png,BO
01300.png,I
01301.png,KQZ
01302.png,I1
01303.png,9V
01304.png,67Z
01305.png,W
01306.png,V6I
01307.png,T2K
01308.png,WCC
01309.png,OH
01310.png,ZSO
01311.png,IZJ
01312.png,HER
01313.png,VC
01314.png,P9CR
01315.png,VS
01316.png,B
01317.png,6QMW
01318.png,MMKX
01319.png,VDI3
01320.png,Z
01321.png,8
01322.png,Q14
01323.png,8X
01324.png,SMEL
01325.png,ORUE
01326.png,2T
01327.png,6P39
01328.png,BXR
01329.png,JSM5
01330.png,W3
01331.png,OT2O
01332.png,IR
01333.png,9H2
01334.png,QP9
01335.png,8O2J
01336.png,WDB
01337.png,KPXZ
01338.png,8G6R
01339.png,JC
01340.png,E
01341.png,Q6N
01342.png,NB9
01343.png,10M
01344.png,1A0
01345.png,4
01346.png,1
01347.png,7RL
01348.png,PP
01349.png,KW
01350.png,AM
01351.png,E
01352.png,936
01353.png,77
01354.png,LIZP
01355.png,A2AX
01356.png,99
01357.png,H
01358.png,HT
01359.png,TBPW
01360.png,5
01361.png,R3
01362.png,0C6
01363.png,H50
01364.png,FI
01365.png,K
01366.png,KH
01367.png,0
01368.png,HG
01369.png,I
01370.png,K
01371.png,XAT
01372.png,N3B
01373.png,6
01374.png,878T
01375.png,95AE
01376.png,VD5
01377.png,8
01378.png,I4
01379.png,33
01380.png,P9
01381.png,LA6M
01382.png,P
01383.png,75S
01384.png,2OXD
01385.png,5YZH
01386.png,Q
01387.png,XBNP
01388.png,LC
01389.png,XBZ
01390.png,P5
01391.png,YHZ
01392.png,8
01393.png,DN
01394.png,9FDJ
01395.png,AME
01396.png,ILD8
01397.png,T5
01398.png,SK
01399.png,CS
01400.png,R7
01401.png,MJB
01402.png,ODCX
01403.png,88CC
01404.png,LW
01405.png,HLV
01406.png,S7PQ
01407.png,UFX
01408.png,WRH6
01409.png,DJ
01410.png,Z0
01411.png,VYG
01412.png,A3
01413.png,3S
01414.png,9
01415.png,LGI6
01416.png,OE
01417.png,IPJ
01418.png,JUA
01419.png,7G
01420.png,5
01421.png,80
01422.png,O
01423.png,4
01424.png,L
01425.png,0
01426.png,W
01427.png,P7
01428.png,0
01429.png,KM
01430.png,K8M
01431.png,0
01432.png,W
01433.png,RE6Y
01434.png,1W
01435.png,QZXE
01436.png,AVDK
01437.png,OH7V
01438.png,G8
01439.png,D73
01440.png,N0M
01441.png,UQM
01442.png,EK6
01443.png,N
01444.png,4
01445.png,OOE
01446.png,WW2
01447.png,C
01448.png,9E
01449.png,A
01450.png,06TK
01451.png,PS
01452.png,S96
01453.png,XR
01454.png,E
01455.png,GZP
01456.png,2A8O
01457.png,O
01458.png,PC
01459.png,F07
01460.png,8E
01461.png,R
01462.png,3
01463.png,5YHL
01464.png,DHF
01465.png,S
01466.png,MBJ7
01467.png,O
01468.png,OO
01469.png,0F7
01470.png,FI
01471.png,SI
01472.png,2
01473.png,C83
01474.png,ANN
01475.png,564
01476.png,TS
01477.png,X
01478.png,P0
01479.png,J
01480.png,YD
01481.png,Z
01482.png,GS
01483.png,Y1
01484.png,N8F
01485.png,8TC
01486.png,5
01487.png,9
01488.png,XL
01489.png,FWDY
01490.png,G
01491.png,9Q2
01492.png,S80O
01493.png,W
01494.png,81M
01495.png,DWC
01496.png,ERJ
01497.png,KN3
01498.png,PKX
01499.png,NM
01500.png,44BQ
01501.png,MR5J
01502.png,V
01503.png,W0
01504.png,92
01505.png,OD
01506.png,AW
01507.png,XDGU
01508.png,LW
01509.png,0E
01510.png,U3
01511.png,C
01512.png,GQH7
01513.png,M
01514.png,U6
01515.png,Q3
01516.png,NGWS
01517.png,HOF7
01518.png,RW
01519.png,A
01520.png,D
01521.png,Q8B
01522.png,G
01523.png,E
01524.png,WL
01525.png,IGCO
01526.png,8YI3
01527.png,UX
01528.png,AG
01529.png,ZRWM
01530.png,4Z
01531.png,5VO
01532.png,C5RO
01533.png,W
01534.png,Y1CZ
01535.png,TWS
01536.png,W60D
01537.png,EQ
01538.png,O18
01539.png,F
01540.png,AAR3
01541.png,ZI
01542.png,PX
01543.png,WJ
01544.png,S0G
01545.png,VM2Z
01546.png,POSN
01547.png,CBI
01548.png,M23
01549.png,59MR
01550.png,W
01551.png,AOQ
01552.png,6T
01553.png,07
01554.png,TQ3
01555.png,31S
01556.png,L96
01557.png,Y
01558.png,NY4
01559.png,3
01560.png,HIR
01561.png,4E
01562.png,XIT
01563.png,91
01564.png,UDC9
01565.png,3XWD
01566.png,0IG0
01567.png,KVW6
01568.png,A
01569.png,I5R
01570.png,W
01571.png,Y2QA
01572.png,33
01573.png,0PPQ
01574.png,SU8T
01575.png,DLKA
01576.png,JLMA
01577.png,J49
01578.png,K
01579.png,T
01580.png,Z
01581.png,2
01582.png,HK
01583.png,I4
01584.png,J4S
01585.png,ALF
01586.png,Y
01587.png,U0N
01588.png,IEE
01589.png,IO
01590.png,B39M
01591.png,8
01592.png,0
01593.png,7A
01594.png,CIKT
01595.png,J5O
01596.png,B
01597.png,U
01598.png,ZJ2
01599.png,2HI9
01600.png,KM
01601.png,7CS7
01602.png,F8B
01603.png,RUY
01604.png,6T48
01605.png,7WW8
01606.png,R2S
01607.png,U4DK
01608.png,E
01609.png,UHY
01610.png,YD2
01611.png,06
01612.png,3JYW
01613.png,9
01614.png,RDC8
01615.png,2U
01616.png,32
01617.png,3
01618.png,8
01619.png,Q2
01620.png,6
01621.png,4
01622.png,O
01623.png,NELP
01624.png,O
01625.png,WZXO
01626.png,Z1O
01627.png,MX
01628.png,S7
01629.png,2X
01630.png,R7X
01631.png,9
01632.png,UB
01633.png,0EXA
01634.png,62
01635.png,FY
01636.png,4
01637.png,68FY
01638.png,PX5
01639.png,SCL
01640.png,UPNR
01641.png,E
01642.png,B4O
01643.png,RQX
01644.png,23AM
01645.png,6K
01646.png,MD
01647.png,NA
01648.png,G2LF
01649.png,3
01650.png,YSE4
01651.png,ZXGZ
01652.png,OG8
01653.png,JH
01654.png,S
01655.png,YY
01656.png,9SL
01657.png,3E6K
01658.png,7MQ
01659.png,LF
01660.png,7E
01661.png,V
01662.png,PI
01663.png,E
01664.png,LF7M
01665.png,K
01666.png,CF
01667.png,5
01668.png,T
01669.png,6RE
01670.png,S6O0
01671.png,X2
01672.png,H
01673.png,MXI2
01674.png,E0ML
01675.png,F
01676.png,JDP9
01677.png,B
01678.png,X
01679.png,ASC1
01680.png,I6C
01681.png,FP1T
01682.png,8
01683.png,0
01684.png,D3Z
01685.png,5YP
01686.png,DW0
01687.png,7KO
01688.png,EO
01689.png,FZ
01690.png,KF
01691.png,X1AT
01692.png,J
01693.png,5LB
01694.png,KW
01695.png,AKH6
01696.png,PQG
01697.png,0YA
01698.png,B
01699.png,P
01700.png,4
01701.png,6Q13
01702.png,0BWQ
01703.png,D8
01704.png,K7E
01705.png,2A4Q
01706.png,J
01707.png,S
01708.png,ELF
01709.png,GD
01710.png,SC3
01711.png,DK7
01712.png,64H
01713.png,0B2
01714.png,6UH
01715.png,J9HQ
01716.png,WC
01717.png,NBR4
01718.png,7O
01719.png,XNK
01720.png,2
01721.png,8TY
01722.png,T
01723.png,Q
01724.png,94E
01725.png,TV9
01726.png,5C5
01727.png,PJ0
01728.png,7EI
01729.png,UV4L
01730.png,L9
01731.png,39
01732.png,8
01733.png,1A
01734.png,9Q9
01735.png,VM
01736.png,W
01737.png,WRK
01738.png,XAP
01739.png,D
01740.png,N
01741.png,J2
01742.png,B
01743.png,GMH
01744.png,7ZQ
01745.png,W
01746.png,8
01747.png,C
01748.png,103E
01749.png,YBZ5
01750.png,JB0L
01751.png,M106
01752.png,GD
01753.png,KK6
01754.png,F4O
01755.png,6K0
01756.png,7D
01757.png,F20
01758.png,VWT
01759.png,30L
01760.png,V2
01761.png,ROA0
01762.png,YMQ
01763.png,09AT
01764.png,R
01765.png,O
01766.png,SS5O
01767.png,RZ
01768.png,8
01769.png,RMI
01770.png,RU4
01771.png,OA
01772.png,O95
01773.png,H
01774.png,FO
01775.png,LT
01776.png,VBX
01777.png,Z
01778.png,A9
01779.png,RAFK
01780.png,8A
01781.png,D7
01782.png,DT
01783.png,Q6
01784.png,F7
01785.png,WKT4
01786.png,ONP
01787.png,EMT0
01788.png,4Y
01789.png,I0
01790.png,4F
01791.png,VYG
01792.png,IDS
01793.png,H
01794.png,84
01795.png,3
01796.png,L
01797.png,Q07
01798.png,11R
01799.png,P
01800.png,V3
01801.png,7
01802.png,CGEU
01803.png,Y
01804.png,F6J
01805.png,4PBW
01806.png,9J
01807.png,VB
01808.png,1
01809.png,1CF
01810.png,W
01811.png,H
01812.png,B
01813.png,9U
01814.png,BM
01815.png,UK
01816.png,BEH
01817.png,OB
01818.png,C
01819.png,P93
01820.png,5HY
01821.png,DELR
01822.png,MT
01823.png,E
01824.png,VG
01825.png,F
01826.png,4HR9
01827.png,SSPP
01828.png,U
01829.png,HQG
01830.png,UHNO
01831.png,KIN
01832.png,J
01833.png,8AO
01834.png,3YDJ
01835.png,A8
01836.png,93
01837.png,MYA
01838.png,X3LE
01839.png,O
01840.png,VL
01841.png,8E
01842.png,NJ9V
01843.png,3RYG
01844.png,UC
01845.png,N
01846.png,JD
01847.png,Z4J6
01848.png,R8N
01849.png,7M6
01850.png,6
01851.png,R2T7
01852.png,NYON
01853.png,PA
01854.png,R
01855.png,Z
01856.png,1J
01857.png,V
01858.png,9VL
01859.png,4C
01860.png,KM
01861.png,ZU
01862.png,F
01863.png,NOVM
01864.png,JSGA
01865.png,1
01866.png,PY8
01867.png,K7
01868.png,K
01869.png,0
01870.png,8
01871.png,YMZV
01872.png,LVXA
01873.png,DD4
01874.png,EKC5
01875.png,B
01876.png,SNM
01877.png,AW
01878.png,V2IO
01879.png,S958
01880.png,81AT
01881.png,M9
01882.png,U6
01883.png,3
01884.png,MQ7
01885.png,90VB
01886.png,O
01887.png,TE
01888.png,BV
01889.png,TNK
01890.png,O
01891.png,Y6WZ
01892.png,WCY
01893.png,B
01894.png,0BA
01895.png,QR4K
01896.png,KX
01897.png,K
01898.png,17
01899.png,I3
01900.png,M0
01901.png,D
01902.png,O2V
01903.png,3
01904.png,UJ
01905.png,6S5
01906.png,V
01907.png,MXCH
01908.png,C
01909.png,5
01910.png,EX
01911.png,1LVJ
01912.png,9
01913.png,XS
01914.png,NF
01915.png,CC5
01916.png,B
01917.png,1U2
01918.png,P
01919.png,TF0I
01920.png,RXS
01921.png,5U
01922.png,E7
01923.png,33CV
01924.png,GU86
01925.png,7JOY
01926.png,JPH9
01927.png,99WB
01928.png,CESO
01929.png,P7
01930.png,S93
01931.png,BQI
01932.png,NM
01933.png,MP8
01934.png,5
01935.png,R1B
01936.png,BSU
01937.png,0W
01938.png,OLF
01939.png,V8
01940.png,E
01941.png,I
01942.png,UVIK
01943.png,K
01944.png,5L
01945.png,G9N
01946.png,5AR
01947.png,ZO6
01948.png,52
01949.png,BDI
01950.png,D
01951.png,BY6
01952.png,17P
01953.png,3
01954.png,V
01955.png,QG
01956.png,2ML
01957.png,SRX
01958.png,PK
01959.png,Y5
01960.png,607
01961.png,QO
01962.png,A
01963.png,2
01964.png,3G
01965.png,W0G
01966.png,T5
01967.png,I
01968.png,E7D
01969.png,T9D
01970.png,4SWQ
01971.png,9H
01972.png,54
01973.png,D
01974.png,V62
01975.png,3M
01976.png,3T
01977.png,JIMV
01978.png,OQ
01979.png,ZJS
01980.png,J
01981.png,K9JY
01982.png,9
01983.png,H9F
01984.png,O4OA
01985.png,R
01986.png,Q24S
01987.png,N
01988.png,HV
01989.png,3QYJ
01990.png,M
01991.png,T3
01992.png,9Y3L
01993.png,2X
01994.png,Y
01995.png,N
01996.png,JA
01997.png,16
01998.png,FF
01999.png,6WG
02000.png,12K
02001.png,OILH
02002.png,XUB
02003.png,2XA6
02004.png,ZXA
02005.png,MZK
02006.png,4935
02007.png,HH
02008.png,R
02009.png,VPE
02010.png,U7F7
02011.png,0QT
02012.png,S8
02013.png,J
02014.png,G38W
02015.png,22
02016.png,NEHD
02017.png,B
02018.png,GSK
02019.png,H
02020.png,Y7HL
02021.png,G
02022.png,EV
02023.png,0H
02024.png,J
02025.png,4CA
02026.png,Y
02027.png,R2
02028.png,RAI2
02029.png,HYH
02030.png,O4
02031.png,1
02032.png,4KE
02033.png,RNRU
02034.png,4S
02035.png,RL2
02036.png,2
02037.png,LKK
02038.png,Z7
02039.png,1
02040.png,9U5R
02041.png,T
02042.png,3
02043.png,N
02044.png,RKYR
02045.png,FY
02046.png,K3
02047.png,4
02048.png,1Y
02049.png,KZU
02050.png,TM
02051.png,LGJ
02052.png,368
02053.png,AS
02054.png,9Y92
02055.png,I
02056.png,CK
02057.png,3I6J
02058.png,3JL
02059.png,DQ
02060.png,O
02061.png,OI
02062.png,03
02063.png,3GRK
02064.png,0LB
02065.png,1V
02066.png,WY
02067.png,SM
02068.png,F
02069.png,O7T
02070.png,K
02071.png,TN
02072.png,7ZXG
02073.png,1
02074.png,NUL
02075.png,8
02076.png,G
02077.png,R
02078.png,29
02079.png,AU
02080.png,7
02081.png,J
02082.png,0PXY
02083.png,FFR
02084.png,R
02085.png,XPH
02086.png,0
02087.png,IY
02088.png,L5UF
02089.png,EU1U
02090.png,V0K9
02091.png,C
02092.png,GD9N
02093.png,U0CK
02094.png,6N9
02095.png,T
02096.png,6BK7
02097.png,GC0D
02098.png,W8S3
02099.png,FVO
02100.png,GLN8
02101.png,B2YR
02102.png,64
02103.png,B
02104.png,WOMX
02105.png,E3B
02106.png,0GI
02107.png,3
02108.png,DJXO
02109.png,73RC
02110.png,ZW
02111.png,L0
02112.png,NM
02113.png,KI3O
02114.png,SL
02115.png,3R
02116.png,6B
02117.png,RJYL
02118.png,Z
02119.png,Y
02120.png,XK
02121.png,B1E
02122.png,U
02123.png,CUP
02124.png,R
02125.png,ZTO2
02126.png,VSC
02127.png,3DWH
02128.png,5
02129.png,N
02130.png,TDO
02131.png,U
02132.png,HU
02133.png,SOLR
02134.png,HOW
02135.png,B9
02136.png,Z
02137.png,2A1
02138.png,S
02139.png,C
02140.png,5FU
02141.png,U9S
02142.png,R
02143.png,BC2A
02144.png,0S97
02145.png,Y
02146.png,ZGLJ
02147.png,5
02148.png,1
02149.png,9V58
02150.png,1
02151.png,JA
02152.png,IUK
02153.png,ARD
02154.png,2XLY
02155.png,1
02156.png,2D
02157.png,CWO
02158.png,1
02159.png,YZ55
02160.png,I5P5
02161.png,Y
02162.png,VH1N
02163.png,G5LP
02164.png,Q
02165.png,SZ
02166.png,H
02167.png,FR
02168.png,VR
02169.png,F3
02170.png,5DNR
02171.png,GU7
02172.png,L438
02173.png,KJ
02174.png,OX
02175.png,S
02176.png,TZ
02177.png,XOF
02178.png,MS
02179.png,7LUU
02180.png,I5
02181.png,6WZ
02182.png,VL3
02183.png,S9Z
02184.png,2BEO
02185.png,XV
02186.png,Z
02187.png,L6
02188.png,B
02189.png,Q
02190.png,856A
02191.png,HB9
02192.png,FOJS
02193.png,INO6
02194.png,XT6X
02195.png,755
02196.png,RC1
02197.png,YCW3
02198.png,2NN
02199.png,H
02200.png,JQJ
02201.png,5
02202.png,XP46
02203.png,R
02204.png,4K
02205.png,1E
02206.png,8D2F
02207.png,2XQ
02208.png,82
02209.png,F4VZ
02210.png,7J
02211.png,S9
02212.png,Q
02213.png,ZH7
02214.png,LJ
02215.png,G
02216.png,FU10
02217.png,NC36
02218.png,24Z9
02219.png,K6
02220.png,AGFP
02221.png,B7LL
02222.png,3HDE
02223.png,W
02224.png,OEZ
02225.png,C0
02226.png,1L54
02227.png,AT
02228.png,I
02229.png,8GM
02230.png,2O
02231.png,H9
02232.png,8U0V
02233.png,B8TB
02234.png,MEC
02235.png,CVVU
02236.png,Y9AY
02237.png,I
02238.png,GX
02239.png,O
02240.png,DI
02241.png,S
02242.png,VI2B
02243.png,LM
02244.png,H3WB
02245.png,N8A
02246.png,7
02247.png,Q
02248.png,MMMW
02249.png,YXE7
02250.png,WB
02251.png,V5
02252.png,EM
02253.png,1F
02254.png,L1H
02255.png,L
02256.png,I
02257.png,XPP
02258.png,UVJY
02259.png,95
02260.png,ZCLT
02261.png,M6
02262.png,VZE
02263.png,59
02264.png,N
02265.png,3
02266.png,R7H
02267.png,H11
02268.png,JQ15
02269.png,G6B
02270.png,SGDU
02271.png,UG9
02272.png,Z6
02273.png,P
02274.png,ORRV
02275.png,C9ZS
02276.png,3VJ6
02277.png,TY
02278.png,438E
02279.png,O7
02280.png,G2Q
02281.png,Q
02282.png,EV9O
02283.png,T
02284.png,I
02285.png,E2XV
02286.png,L42M
02287.png,LP7
02288.png,9XNR
02289.png,TKM4
02290.png,S1LW
02291.png,JZT
02292.png,L29A
02293.png,V83L
02294.png,WO
02295.png,PVF
02296.png,2X
02297.png,VV
02298.png,S7G
02299.png,42
02300.png,B2
02301.png,XN7Q
02302.png,K
02303.png,Z1
02304.png,94
02305.png,RY
02306.png,75J6
02307.png,Y3V
02308.png,1
02309.png,ZJX3
02310.png,HW
02311.png,SM
02312.png,N
02313.png,5B
02314.png,N
02315.png,WVR
02316.png,U
02317.png,0FI
02318.png,H
02319.png,XX86
02320.png,1
02321.png,BNWY
02322.png,76
02323.png,ZM41
02324.png,R90Y
02325.png,L1
02326.png,0T
02327.png,97
02328.png,G
02329.png,87B
02330.png,M
02331.png,5IAN
02332.png,XICC
02333.png,LOC
02334.png,0PN5
02335.png,8
02336.png,AFPC
02337.png,K
02338.png,PE
02339.png,G
02340.png,9JK
02341.png,50Q
02342.png,01
02343.png,CZL
02344.png,90V
02345.png,HB6
02346.png,Q
02347.png,X
02348.png,D9P
02349.png,IKND
02350.png,8Y
02351.png,HE
02352.png,SP
02353.png,R
02354.png,FG
02355.png,3
02356.png,0
02357.png,7
02358.png,D5
02359.png,1J
02360.png,XUM
02361.png,DKVA
02362.png,9HLE
02363.png,QKFT
02364.png,8T5
02365.png,PF
02366.png,K1X
02367.png,VGKF
02368.png,RV
02369.png,UDV
02370.png,KW
02371.png,G
02372.png,L6AI
02373.png,I3S
02374.png,4PF
02375.png,99D
02376.png,B
02377.png,ETI
02378.png,X
02379.png,CV
02380.png,C
02381.png,J
02382.png,T
02383.png,C0QN
02384.png,8
02385.png,RQ
02386.png,3ZFG
02387.png,8NL1
02388.png,DXOL
02389.png,7A
02390.png,M2
02391.png,YZNF
02392.png,OIGK
02393.png,U
02394.png,YBB
02395.png,O27
02396.png,L0Z
02397.png,53
02398.png,CN3V
02399.png,I
02400.png,V
02401.png,8V
02402.png,8J5
02403.png,V
02404.png,M
02405.png,FIO
02406.png,KF1V
02407.png,BT5
02408.png,2
02409.png,0N
02410.png,0
02411.png,DXPT
02412.png,4O
02413.png,UGGF
02414.png,G31
02415.png,1O
02416.png,4L
02417.png,JNPN
02418.png,I6
02419.png,T8
02420.png,LG5
02421.png,W
02422.png,CV
02423.png,5N
02424.png,U5B
02425.png,YYM
02426.png,MK
02427.png,7
02428.png,HN
02429.png,OPT
02430.png,0
02431.png,AI5
02432.png,Y1X
02433.png,XEH
02434.png,Y
02435.png,XE
02436.png,OQ
02437.png,X
02438.png,A
02439.png,XKZ
02440.png,71U
02441.png,67PE
02442.png,LJ
02443.png,8YS
02444.png,RVMQ
02445.png,UXR
02446.png,NH5
02447.png,E20G
02448.png,N1
02449.png,Y2M
02450.png,VD
02451.png,00A8
02452.png,MR
02453.png,5R
02454.png,7GX
02455.png,A
02456.png,G0Z
02457.png,6GR
02458.png,NJI3
02459.png,HYNE
02460.png,O
02461.png,H3
02462.png,ZNP
02463.png,L
02464.png,FN
02465.png,R6P
02466.png,DEP
02467.png,BX8Y
02468.png,3
02469.png,A62
02470.png,TF
02471.png,U6
02472.png,3
02473.png,JYO
02474.png,AR1
02475.png,CQU4
02476.png,TF
02477.png,9
02478.png,GXDP
02479.png,5RPU
02480.png,6
02481.png,QF
02482.png,F
02483.png,UBAW
02484.png,ANFR
02485.png,QU2
02486.png,IS90
02487.png,ZUB
02488.png,A7TY
02489.png,RO
02490.png,R
02491.png,J0B
02492.png,O
02493.png,CRKY
02494.png,59B7
02495.png,W
02496.png,N
02497.png,UI
02498.png,W
02499.png,Q8
02500.png,0
02501.png,R5DX
02502.png,CDR3
02503.png,CJ5
02504.png,14
02505.png,30BH
02506.png,BY
02507.png,B
02508.png,DB2
02509.png,6XR
02510.png,267
02511.png,DHQ
02512.png,KOU
02513.png,0X
02514.png,X
02515.png,A6YR
02516.png,HW
02517.png,H
02518.png,UO2
02519.png,MV
02520.png,3V
02521.png,UN
02522.png,KSJ
02523.png,A
02524.png,I
02525.png,D
02526.png,ZGU
02527.png,D
02528.png,I
02529.png,YM
02530.png,5XNA
02531.png,O
02532.png,3
02533.png,O
02534.png,JX
02535.png,B
02536.png,THQC
02537.png,2
02538.png,JUR
02539.png,Q
02540.png,0
02541.png,BBGY
02542.png,1X3V
02543.png,J
02544.png,7AU
02545.png,WA0E
02546.png,VZ
02547.png,B
02548.png,QPY5
02549.png,FBM
02550.png,S
02551.png,10CI
02552.png,1F
02553.png,W
02554.png,0YUO
02555.png,J
02556.png,TH0R
02557.png,4RN6
02558.png,ND
02559.png,116
02560.png,0Y4
02561.png,6UX
02562.png,SYU
02563.png,VF
02564.png,M
02565.png,8
02566.png,5I
02567.png,7W0
02568.png,63Y
02569.png,2
02570.png,TZ4
02571.png,S
02572.png,U5WD
02573.png,L5K
02574.png,3NEA
02575.png,Y
02576.png,AE
02577.png,N0YV
02578.png,C
02579.png,BW4
02580.png,3
02581.png,G
02582.png,PLZ
02583.png,VVF1
02584.png,0GP9
02585.png,VA7
02586.png,FX1S
02587.png,UT
02588.png,R5E
02589.png,5
02590.png,LJZ
02591.png,1
02592.png,RE
02593.png,UDX
02594.png,ZLF5
02595.png,SX
02596.png,LM
02597.png,7
02598.png,IZ
02599.png,3
02600.png,VD
02601.png,K7NH
02602.png,BLX
02603.png,82S
02604.png,8C
02605.png,ZQE
02606.png,RASW
02607.png,7I
02608.png,Y
02609.png,GW
02610.png,OFG7
02611.png,JS
02612.png,UU
02613.png,ZM7P
02614.png,ABR5
02615.png,3UT
02616.png,YI
02617.png,RY
02618.png,C7CI
02619.png,OQN
02620.png,FHV
02621.png,2
02622.png,FDU7
02623.png,5
02624.png,M
02625.png,Y
02626.png,3
02627.png,JR
02628.png,ZQ8
02629.png,D
02630.png,Q
02631.png,QSWB
02632.png,LP
02633.png,EG
02634.png,O0
02635.png,CU
02636.png,2JHV
02637.png,HH3
02638.png,N6X
02639.png,WJ
02640.png,SIY
02641.png,GRPK
02642.png,JGB3
02643.png,8JXD
02644.png,V
02645.png,USQY
02646.png,2
02647.png,W2
02648.png,Y
02649.png,3
02650.png,M5
02651.png,E71T
02652.png,E52
02653.png,4DB
02654.png,Q8E
02655.png,XRA
02656.png,ZCH
02657.png,6U
02658.png,8B
02659.png,F0E
02660.png,M1G3
02661.png,Z
02662.png,YDB
02663.png,DQJ
02664.png,C
02665.png,2
02666.png,SL
02667.png,7
02668.png,2YV
02669.png,F
02670.png,PS
02671.png,B
02672.png,CP
02673.png,XG
02674.png,N
02675.png,7FX7
02676.png,E
02677.png,UYJ
02678.png,M
02679.png,P6
02680.png,A
02681.png,JKL
02682.png,U29
02683.png,2
02684.png,42B
02685.png,KT7
02686.png,J7
02687.png,8
02688.png,65AI
02689.png,9
02690.png,5Q
02691.png,FBR
02692.png,7
02693.png,6C
02694.png,TG2
02695.png,7PMM
02696.png,8Z
02697.png,WDO
02698.png,XK
02699.png,0E8
02700.png,D2
02701.png,LI
02702.png,J
02703.png,1
02704.png,5VNB
02705.png,YY
02706.png,1R
02707.png,OM
02708.png,RD3
02709.png,6
02710.png,9
02711.png,1
02712.png,L4
02713.png,SX
02714.png,RL
02715.png,8W
02716.png,74S
02717.png,2Y1
02718.png,X
02719.png,HKW7
02720.png,1KA
02721.png,I
02722.png,CBG
02723.png,R
02724.png,VP
02725.png,R2Z
02726.png,QBPS
02727.png,49JZ
02728.png,5S
02729.png,M0D
02730.png,NZ
02731.png,59Y
02732.png,4
02733.png,UTS
02734.png,4E3B
02735.png,F1
02736.png,G
02737.png,Q
02738.png,12CO
02739.png,LD
02740.png,K
02741.png,F7BL
02742.png,MC
02743.png,VCMS
02744.png,5D3R
02745.png,4GO
02746.png,UJ
02747.png,9
02748.png,FS
02749.png,GUK
02750.png,XWC
02751.png,8XK
02752.png,2A
02753.png,H6VH
02754.png,F
02755.png,R
02756.png,Q
02757.png,Y2E2
02758.png,1Z
02759.png,R
02760.png,R
02761.png,W
02762.png,6
02763.png,G
02764.png,AT
02765.png,P4B
02766.png,R
02767.png,Q93N
02768.png,YBO
02769.png,F4
02770.png,54T
02771.png,OCK
02772.png,4Y
02773.png,P
02774.png,66W
02775.png,XPT7
02776.png,JTI
02777.png,684I
02778.png,IG
02779.png,6
02780.png,R7QA
02781.png,ZWM
02782.png,2
02783.png,CR
02784.png,GNZT
02785.png,LXWN
02786.png,3
02787.png,OVT7
02788.png,8
02789.png,8I
02790.png,JOTQ
02791.png,6TT
02792.png,U
02793.png,X
02794.png,R47W
02795.png,JC
02796.png,02P2
02797.png,AA
02798.png,9
02799.png,H864
02800.png,9CG
02801.png,G
02802.png,X3
02803.png,8
02804.png,RL3T
02805.png,G
02806.png,Y
02807.png,30W
02808.png,VK
02809.png,LXC
02810.png,7Q
02811.png,885M
02812.png,SHD
02813.png,0I19
02814.png,4
02815.png,T
02816.png,ZEIA
02817.png,0M
02818.png,GKSC
02819.png,PH
02820.png,DKI
02821.png,B
02822.png,SV
02823.png,X
02824.png,DLK
02825.png,GC
02826.png,H2Y
02827.png,K
02828.png,X
02829.png,X6
02830.png,F
02831.png,X2S
02832.png,JO
02833.png,B6
02834.png,L
02835.png,Q
02836.png,XVXV
02837.png,3BB
02838.png,XSO5
02839.png,Z
02840.png,C
02841.png,LQ
02842.png,70S
02843.png,6A
02844.png,LG
02845.png,P
02846.png,PFCE
02847.png,4D
02848.png,X
02849.png,GFPP
02850.png,M8I8
02851.png,J94
02852.png,U
02853.png,OU
02854.png,U
02855.png,R
02856.png,08LQ
02857.png,H
02858.png,4P76
02859.png,7E
02860.png,7
02861.png,Z
02862.png,BT
02863.png,9Y1B
02864.png,4G
02865.png,Y
02866.png,2OCD
02867.png,0B2
02868.png,I
02869.png,N5
02870.png,MTB
02871.png,Q2G
02872.png,WN
02873.png,D
02874.png,H1A
02875.png,TY
02876.png,KDX7
02877.png,XZII
02878.png,Y
02879.png,4598
02880.png,SGHC
02881.png,3
02882.png,U
02883.png,5U
02884.png,6
02885.png,EKA2
02886.png,R1BC
02887.png,U
02888.png,3I
02889.png,BR5F
02890.png,2M
02891.png,J
02892.png,7
02893.png,EKU
02894.png,S
02895.png,E
02896.png,M
02897.png,EQF
02898.png,UO22
02899.png,8
02900.png,SP8I
02901.png,QBM
02902.png,PD9
02903.png,7CNJ
02904.png,H43
02905.png,2NQP
02906.png,LG4
02907.png,49OF
02908.png,5KY
02909.png,C
02910.png,I
02911.png,NTSZ
02912.png,8Q5
02913.png,MN
02914.png,4R0E
02915.png,2O6
02916.png,9D
02917.png,H6
02918.png,QKK
02919.png,IL1D
02920.png,BSL
02921.png,FK
02922.png,OPHG
02923.png,3L41
02924.png,X
02925.png,E
02926.png,INAS
02927.png,UE01
02928.png,5K
02929.png,6IF
02930.png,EA
02931.png,P6
02932.png,0
02933.png,SBYT
02934.png,I8
02935.png,5ZSH
02936.png,K
02937.png,BSB
02938.png,QR
02939.png,G
02940.png,LBQ7
02941.png,GX
02942.png,0NT
02943.png,KWY
02944.png,Q
02945.png,G2
02946.png,6V2
02947.png,WV5I
02948.png,SOL
02949.png,K
02950.png,SH16
02951.png,SW
02952.png,G
02953.png,RISV
02954.png,WM
02955.png,K
02956.png,IEN
02957.png,K7
02958.png,7
02959.png,9H
02960.png,3Z
02961.png,V
02962.png,YB
02963.png,6
02964.png,8
02965.png,BTP
02966.png,Q5
02967.png,EURR
02968.png,Z6
02969.png,XH
02970.png,2
02971.png,52
02972.png,WETF
02973.png,E
02974.png,Q6
02975.png,G
02976.png,LFQ
02977.png,A3
02978.png,3T
02979.png,W77
02980.png,6X
02981.png,3
02982.png,KFX
02983.png,IJK
02984.png,H6
02985.png,PP
02986.png,6V2
02987.png,KC1
02988.png,V3M
02989.png,TBZ
02990.png,G
02991.png,RV1I
02992.png,DH0
02993.png,O15
02994.png,Q
02995.png,IYS
02996.png,X7
02997.png,QA
02998.png,LXH6
02999.png,UY4Y
03000.png,MQA4
03001.png,B0
03002.png,H3
03003.png,3DLN
03004.png,B4L
03005.png,JO
03006.png,HB
03007.png,KO
03008.png,N4
03009.png,RD2B
03010.png,BQK5
03011.png,4
03012.png,DYK2
03013.png,G
03014.png,EF9
03015.png,L
03016.png,F
03017.png,I19
03018.png,YD8
03019.png,NMG
03020.png,OBZY
03021.png,4T3I
03022.png,4L
03023.png,1
03024.png,FADP
03025.png,OLVO
03026.png,J
03027.png,EL
03028.png,CN9
03029.png,9
03030.png,Z
03031.png,LTC
03032.png,4V
03033.png,AM
03034.png,H91
03035.png,U
03036.png,GR
03037.png,U
03038.png,MRIX
03039.png,I
03040.png,Z
03041.png,CPT
03042.png,OVV
03043.png,9EJO
03044.png,EX
03045.png,YNI0
03046.png,6
03047.png,3A2Z
03048.png,ISG
03049.png,MPG3
03050.png,FOS8
03051.png,M5N
03052.png,K9
03053.png,P
03054.png,I
03055.png,TE
03056.png,1A9D
03057.png,S
03058.png,H9D
03059.png,J
03060.png,BNJ
03061.png,XX26
03062.png,OL
03063.png,BY
03064.png,PI0A
03065.png,BJU
03066.png,W7ZX
03067.png,KV5
03068.png,8
03069.png,1XBQ
03070.png,C
03071.png,V
03072.png,4ZDX
03073.png,V3
03074.png,7J3Q
03075.png,5
03076.png,PG
03077.png,BWK3
03078.png,X31
03079.png,Z4M
03080.png,OEQ6
03081.png,6
03082.png,L
03083.png,S
03084.png,DJK
03085.png,5
03086.png,5J3
03087.png,K01
03088.png,AYL8
03089.png,1
03090.png,C
03091.png,302
03092.png,5NC3
03093.png,15
03094.png,4X
03095.png,3X
03096.png,H
03097.png,5L
03098.png,1AV
03099.png,2
03100.png,VZWJ
03101.png,QLJR
03102.png,JIJ
03103.png,EY
03104.png,Q
03105.png,Q
03106.png,4RJB
03107.png,S
03108.png,T
03109.png,7BER
03110.png,D6
03111.png,D
03112.png,FRZ
03113.png,RVJD
03114.png,YO
03115.png,OPB
03116.png,2SY
03117.png,D
03118.png,OQZ
03119.png,79
03120.png,NH
03121.png,8YNJ
03122.png,C
03123.png,J
03124.png,9N2
03125.png,DAV
03126.png,TQ7
03127.png,9F
03128.png,W
03129.png,6AN
03130.png,OQU
03131.png,UWT
03132.png,KC2
03133.png,6QXI
03134.png,YH
03135.png,8
03136.png,SJOK
03137.png,0
03138.png,X
03139.png,13
03140.png,ZNRF
03141.png,Q
03142.png,5ZMQ
03143.png,VJ
03144.png,BBUI
03145.png,51R
03146.png,0F
03147.png,ENQ
03148.png,AI6D
03149.png,6Z
03150.png,2
03151.png,NC
03152.png,JDU
03153.png,DJW
03154.png,XXTT
03155.png,CI
03156.png,W
03157.png,RH
03158.png,4Z
03159.png,7R
03160.png,Z9E
03161.png,V
03162.png,IRX7
03163.png,ZOL
03164.png,HEW
03165.png,JRN
03166.png,T3EY
03167.png,HC
03168.png,T8K
03169.png,C
03170.png,J
03171.png,FPSL
03172.png,84
03173.png,GL
03174.png,X3Y
03175.png,4MXK
03176.png,617
03177.png,W44
03178.png,JSL
03179.png,E1U
03180.png,16DF
03181.png,4E76
03182.png,PH
03183.png,OHK
03184.png,B
03185.png,6PA
03186.png,O35M
03187.png,7
03188.png,C
03189.png,A
03190.png,CDA
03191.png,S
03192.png,0
03193.png,6
03194.png,4
03195.png,1GR
03196.png,575
03197.png,54K
03198.png,FUZ3
03199.png,PX
03200.png,0S
03201.png,23D
03202.png,TFCZ
03203.png,NB
03204.png,PRE
03205.png,IMU
03206.png,53BY
03207.png,3W0
03208.png,O6JO
03209.png,9
03210.png,C
03211.png,3
03212.png,PI6Q
03213.png,5
03214.png,52B
03215.png,T
03216.png,03
03217.png,LWT
03218.png,7LBN
03219.png,37Q
03220.png,9
03221.png,9SN
03222.png,4K8
03223.png,AP6
03224.png,RWTX
03225.png,LOQL
03226.png,6U
03227.png,IR
03228.png,RC3
03229.png,MU7
03230.png,XWIZ
03231.png,SGZ
03232.png,14S
03233.png,07L
03234.png,BZ
03235.png,2R6
03236.png,68
03237.png,31RF
03238.png,GB
03239.png,S
03240.png,PFT
03241.png,50
03242.png,87WL
03243.png,G90
03244.png,X
03245.png,CJS
03246.png,M9K
03247.png,LA7E
03248.png,C
03249.png,C
03250.png,EYWJ
03251.png,I
03252.png,8
03253.png,4
03254.png,5YM
03255.png,3KNH
03256.png,C9V
03257.png,2U
03258.png,59Z
03259.png,2V
03260.png,S74F
03261.png,D47R
03262.png,47HE
03263.png,UNK
03264.png,YR
03265.png,74
03266.png,B
03267.png,E
03268.png,O
03269.png,GBY
03270.png,0TS
03271.png,CYC
03272.png,L
03273.png,YZ
03274.png,6
03275.png,Q70K
03276.png,238
03277.png,QR
03278.png,TE10
03279.png,WXK
03280.png,VNT
03281.png,911
03282.png,A68
03283.png,V
03284.png,FTAS
03285.png,4JK
03286.png,M8K
03287.png,1K
03288.png,L
03289.png,8
03290.png,5T
03291.png,N8
03292.png,5PHR
03293.png,8
03294.png,LXT
03295.png,XO
03296.png,TU
03297.png,I
03298.png,63X
03299.png,Z4Q
03300.png,ABGF
03301.png,5EE
03302.png,A3
03303.png,UF2
03304.png,71
03305.png,STO3
03306.png,YH
03307.png,1I
03308.png,YPHV
03309.png,T6
03310.png,QKB7
03311.png,8
03312.png,PL9
03313.png,8I
03314.png,W
03315.png,HAYF
03316.png,W
03317.png,2H
03318.png,ZE6P
03319.png,R
03320.png,DK
03321.png,HBX
03322.png,8
03323.png,T
03324.png,3JM
03325.png,RAN
03326.png,2
03327.png,0K42
03328.png,U424
03329.png,3Y2
03330.png,P
03331.png,E
03332.png,Z
03333.png,JME
03334.png,2W
03335.png,LMXI
03336.png,XT28
03337.png,K6
03338.png,WZ
03339.png,ITIQ
03340.png,WA
03341.png,IGIG
03342.png,8
03343.png,N4
03344.png,F
03345.png,8VU
03346.png,U
03347.png,T
03348.png,AP
03349.png,5
03350.png,6
03351.png,KCL
03352.png,QI
03353.png,5W
03354.png,0
03355.png,BVHE
03356.png,HW
03357.png,GA3
03358.png,R
03359.png,ZWLM
03360.png,DG
03361.png,TSC
03362.png,G
03363.png,2HAF
03364.png,S
03365.png,W
03366.png,FR
03367.png,Z
03368.png,E
03369.png,5
03370.png,2K
03371.png,2S
03372.png,LB
03373.png,U5A
03374.png,PN
03375.png,Y
03376.png,AZXU
03377.png,3J
03378.png,16
03379.png,4
03380.png,QF
03381.png,TC8T
03382.png,N
03383.png,2N
03384.png,RF3S
03385.png,9D2
03386.png,ON
03387.png,4G
03388.png,JSY
03389.png,9
03390.png,R
03391.png,04
03392.png,Z1
03393.png,5
03394.png,GT
03395.png,UN
03396.png,B5
03397.png,CC
03398.png,DF8J
03399.png,IJQ
03400.png,WM
03401.png,5Z
03402.png,734S
03403.png,3H
03404.png,N
03405.png,O
03406.png,R8U9
03407.png,O5AE
03408.png,BG0Z
03409.png,J09L
03410.png,7P
03411.png,OPB
03412.png,6
03413.png,Q6L
03414.png,6
03415.png,3
03416.png,G7C
03417.png,S5B
03418.png,532
03419.png,YBL
03420.png,K
03421.png,RR
03422.png,7BR7
03423.png,VNQJ
03424.png,T61
03425.png,ELU5
03426.png,9NGB
03427.png,TI
03428.png,UVLI
03429.png,3OMY
03430.png,3
03431.png,I72
03432.png,8DSC
03433.png,KUA2
03434.png,9
03435.png,QEQ
03436.png,2U
03437.png,K5QQ
03438.png,TT
03439.png,2Z
03440.png,YSR
03441.png,OCL
03442.png,P2KX
03443.png,XPE7
03444.png,I7
03445.png,A0VN
03446.png,8DG
03447.png,K
03448.png,XTUQ
03449.png,KA
03450.png,1C
03451.png,S
03452.png,M
03453.png,6
03454.png,AA4
03455.png,IN
03456.png,T
03457.png,G5
03458.png,I
03459.png,6
03460.png,GNNG
03461.png,W
03462.png,RMP
03463.png,E
03464.png,J
03465.png,IV
03466.png,GQ
03467.png,FU42
03468.png,M9
03469.png,W0O7
03470.png,K
03471.png,O
03472.png,9
03473.png,JSO
03474.png,EQ
03475.png,K
03476.png,2DRM
03477.png,Q4
03478.png,UV
03479.png,HH
03480.png,2V6W
03481.png,AF
03482.png,62SM
03483.png,ZB
03484.png,NNZ
03485.png,YP
03486.png,1RNW
03487.png,7A
03488.png,R
03489.png,878P
03490.png,MY8
03491.png,5KDY
03492.png,S
03493.png,8
03494.png,SV9
03495.png,NRMB
03496.png,IF5Y
03497.png,F
03498.png,U
03499.png,R5
03500.png,QVMA
03501.png,XNDU
03502.png,GYZQ
03503.png,I
03504.png,79
03505.png,O1
03506.png,4W
03507.png,Q
03508.png,CLL6
03509.png,N5
03510.png,B
03511.png,MB
03512.png,HE
03513.png,Y
03514.png,XM1
03515.png,BQI
03516.png,YGE
03517.png,IF6N
03518.png,SFP
03519.png,Y
03520.png,09P
03521.png,WB4
03522.png,VIDO
03523.png,5R
03524.png,OR
03525.png,N
03526.png,2K
03527.png,M
03528.png,GH
03529.png,BAJ
03530.png,C
03531.png,7UFZ
03532.png,L
03533.png,C18
03534.png,L6
03535.png,5Z
03536.png,JHM
03537.png,4ZZ
03538.png,RDD
03539.png,86
03540.png,N
03541.png,8KF
03542.png,O8Z
03543.png,49MG
03544.png,WVUN
03545.png,6
03546.png,ZV
03547.png,M
03548.png,RK5U
03549.png,Q
03550.png,N0
03551.png,WE
03552.png,B
03553.png,F5
03554.png,SH
03555.png,BN8
03556.png,0N
03557.png,1P
03558.png,SH
03559.png,UHK
03560.png,H2
03561.png,50
03562.png,BJ
03563.png,W
03564.png,TDB
03565.png,GDL
03566.png,V2
03567.png,YJQ
03568.png,MCV
03569.png,G5NI
03570.png,I
03571.png,S
03572.png,6M3R
03573.png,H
03574.png,7
03575.png,MLNL
03576.png,ETJ
03577.png,PKHD
03578.png,I
03579.png,6PIL
03580.png,2L
03581.png,X4WH
03582.png,W8T
03583.png,1G
03584.png,1DK
03585.png,RH
03586.png,DD9
03587.png,LL7
03588.png,4U
03589.png,BF80
03590.png,Z5
03591.png,4PML
03592.png,L
03593.png,GA0X
03594.png,4
03595.png,I
03596.png,W
03597.png,9I
03598.png,PI
03599.png,K
03600.png,WL
03601.png,2
03602.png,ILS
03603.png,YBA
03604.png,2XP
03605.png,AY
03606.png,N7ZY
03607.png,RD
03608.png,3GRQ
03609.png,05H
03610.png,XIPF
03611.png,AFLV
03612.png,Q
03613.png,KXFU
03614.png,UWPC
03615.png,V85S
03616.png,2
03617.png,31
03618.png,LTGF
03619.png,UMF6
03620.png,IVG
03621.png,Q4
03622.png,A
03623.png,AVI
03624.png,5
03625.png,CA
03626.png,DJ
03627.png,F4P
03628.png,4
03629.png,TS8O
03630.png,PV4D
03631.png,Y88
03632.png,DTA
03633.png,D31Q
03634.png,PJH
03635.png,QY
03636.png,C
03637.png,U0I
03638.png,SG
03639.png,ZKO5
03640.png,B
03641.png,T5U6
03642.png,FJ2
03643.png,C1H
03644.png,6
03645.png,JJIR
03646.png,CBFJ
03647.png,5OMA
03648.png,7M9Z
03649.png,XC
03650.png,SX
03651.png,V
03652.png,U
03653.png,ADA
03654.png,8I5
03655.png,CLO
03656.png,4LG
03657.png,E
03658.png,A
03659.png,9Q
03660.png,P
03661.png,0UF
03662.png,DUM
03663.png,Z
03664.png,UAX
03665.png,ADJ
03666.png,AX2F
03667.png,ICRJ
03668.png,XZLU
03669.png,Y7O
03670.png,TD
03671.png,C
03672.png,8
03673.png,SD
03674.png,GZG
03675.png,OA
03676.png,75
03677.png,OL4
03678.png,LXO
03679.png,P
03680.png,HVZ
03681.png,RR
03682.png,1R22
03683.png,TIXQ
03684.png,Z
03685.png,7
03686.png,9
03687.png,TTBF
03688.png,8N
03689.png,G4
03690.png,53
03691.png,K
03692.png,M44
03693.png,XP
03694.png,HV9
03695.png,NX9G
03696.png,UYO3
03697.png,K9
03698.png,JDF
03699.png,CE
03700.png,XK4
03701.png,P3
03702.png,0EXQ
03703.png,BB9U
03704.png,P
03705.png,OF7
03706.png,Q
03707.png,SQK
03708.png,P4A
03709.png,XRY
03710.png,I3T
03711.png,92
03712.png,ZT
03713.png,DUIG
03714.png,B7QM
03715.png,H
03716.png,K0C
03717.png,QM
03718.png,N
03719.png,A
03720.png,6V3S
03721.png,XZ
03722.png,56Y
03723.png,KYC
03724.png,R0
03725.png,JXL
03726.png,3E
03727.png,NTS
03728.png,27J
03729.png,F25
03730.png,YDNS
03731.png,JOL3
03732.png,0
03733.png,ZJ
03734.png,GOL
03735.png,HH1
03736.png,2G4
03737.png,45
03738.png,O4R
03739.png,6LLY
03740.png,1
03741.png,PLJX
03742.png,4GF
03743.png,E
03744.png,UE0H
03745.png,8X
03746.png,VD1I
03747.png,SV
03748.png,PW
03749.png,US
03750.png,W
03751.png,94
03752.png,XZ
03753.png,B
03754.png,REAR
03755.png,0V
03756.png,NE
03757.png,KL37
03758.png,ZYK2
03759.png,FS7P
03760.png,X
03761.png,0
03762.png,A
03763.png,HIA
03764.png,HMFW
03765.png,BA
03766.png,UHR
03767.png,P
03768.png,L
03769.png,RF
03770.png,670X
03771.png,E4
03772.png,X
03773.png,UGGI
03774.png,GO9N
03775.png,X
03776.png,BX
03777.png,SX
03778.png,T
03779.png,XT
03780.png,D
03781.png,H
03782.png,T
03783.png,IZY
03784.png,N2
03785.png,GI
03786.png,9Z5J
03787.png,LV
03788.png,7FJ
03789.png,O
03790.png,OA1P
03791.png,QC
03792.png,E
03793.png,LW
03794.png,GK13
03795.png,J3SJ
03796.png,N4UJ
03797.png,I
03798.png,W
03799.png,D2X
03800.png,5Y01
03801.png,GHS
03802.png,R0
03803.png,32Q
03804.png,KM
03805.png,Q
03806.png,33
03807.png,89FE
03808.png,H
03809.png,E8
03810.png,F51
03811.png,97
03812.png,N
03813.png,U
03814.png,QKU
03815.png,JU
03816.png,BW0A
03817.png,J5W
03818.png,WC
03819.png,U
03820.png,5
03821.png,OEUL
03822.png,2ZTT
03823.png,DZNX
03824.png,S4W
03825.png,B
03826.png,VN
03827.png,C
03828.png,UC
03829.png,HH
03830.png,V
03831.png,A4PE
03832.png,XCH
03833.png,V6
03834.png,VEII
03835.png,E9
03836.png,BD6
03837.png,YD4
03838.png,NKJX
03839.png,7H
03840.png,UWB
03841.png,I03X
03842.png,FDJ
03843.png,W
03844.png,08
03845.png,I5
03846.png,Q3PO
03847.png,U
03848.png,Y
03849.png,O
03850.png,DDW
03851.png,Z
03852.png,MX0A
03853.png,V
03854.png,HXHZ
03855.png,5ZZ
03856.png,5P9
03857.png,K71H
03858.png,FI41
03859.png,5J
03860.png,Y
03861.png,NZH
03862.png,TJH
03863.png,F2T
03864.png,C3
03865.png,IN8
03866.png,N
03867.png,8M
03868.png,B89F
03869.png,AM
03870.png,1PE
03871.png,3DB
03872.png,79R
03873.png,V
03874.png,B
03875.png,P5
03876.png,33
03877.png,MNP
03878.png,IJRK
03879.png,3FC8
03880.png,K5J
03881.png,PXFB
03882.png,Q18G
03883.png,LFL
03884.png,ESJ
03885.png,1TB
03886.png,83V
03887.png,T6FS
03888.png,JJYL
03889.png,MBR
03890.png,VSI6
03891.png,0D
03892.png,FRL
03893.png,OQHL
03894.png,ZUPH
03895.png,Y
03896.png,9
03897.png,F
03898.png,HASA
03899.png,ZIZT
03900.png,03
03901.png,QU
03902.png,2WQ
03903.png,NG9O
03904.png,9N
03905.png,VJF
03906.png,M
03907.png,F8
03908.png,TPJ
03909.png,A18
03910.png,4A
03911.png,3D
03912.png,TT
03913.png,OMC
03914.png,2T
03915.png,8U7G
03916.png,W4
03917.png,Q
03918.png,L
03919.png,EJ
03920.png,04
03921.png,C2G
03922.png,0WTI
03923.png,AZ
03924.png,X
03925.png,R
03926.png,99
03927.png,D
03928.png,H0I
03929.png,L6MJ
03930.png,DR
03931.png,LSUS
03932.png,MD
03933.png,MK
03934.png,B
03935.png,DG
03936.png,1I
03937.png,QXC
03938.png,94EL
03939.png,0
03940.png,2473
03941.png,4L2
03942.png,IK1
03943.png,2
03944.png,TD8
03945.png,8X6G
03946.png,80
03947.png,X8S
03948.png,F
03949.png,C9G
03950.png,YLV9
03951.png,M4W8
03952.png,SW2
03953.png,O
03954.png,QBE3
03955.png,E
03956.png,X
03957.png,7KJ
03958.png,JZ
03959.png,Q4
03960.png,3A66
03961.png,N
03962.png,316
03963.png,WGTR
03964.png,QKOF
03965.png,D9
03966.png,TN
03967.png,QRE
03968.png,TQL
03969.png,J9B
03970.png,JE
03971.png,YA
03972.png,EJ
03973.png,IQ0
03974.png,V
03975.png,2
03976.png,F
03977.png,T
03978.png,J0J
03979.png,M
03980.png,CVJ
03981.png,Z
03982.png,P
03983.png,AEQD
03984.png,X
03985.png,XJAX
03986.png,3TLU
03987.png,7
03988.png,344W
03989.png,EXT
03990.png,FI
03991.png,XJ
03992.png,3
03993.png,D9
03994.png,RM
03995.png,A
03996.png,TFBG
03997.png,R6
03998.png,F0
03999.png,D
04000.png,U8F
04001.png,Y94Q
04002.png,RP
04003.png,6F
04004.png,7U2
04005.png,HE
04006.png,JUC
04007.png,36CI
04008.png,ZJO
04009.png,B2
04010.png,WPV
04011.png,3
04012.png,E8UL
04013.png,420T
04014.png,KPLD
04015.png,2
04016.png,09FI
04017.png,FLQ
04018.png,DM3
04019.png,82E
04020.png,C
04021.png,RIBH
04022.png,L
04023.png,RG46
04024.png,GY
04025.png,O8
04026.png,9
04027.png,G8W2
04028.png,R4Z
04029.png,SUX
04030.png,E5X9
04031.png,U3F
04032.png,IVK
04033.png,M
04034.png,8UP
04035.png,BA
04036.png,SXEQ
04037.png,HRV
04038.png,Q
04039.png,XWX
04040.png,WF
04041.png,4SV
04042.png,5979
04043.png,N8M
04044.png,9RK2
04045.png,0I
04046.png,NB
04047.png,M
04048.png,KAV
04049.png,1
04050.png,FELF
04051.png,BE
04052.png,N
04053.png,HOK
04054.png,HI
04055.png,V
04056.png,A
04057.png,JH2C
04058.png,N
04059.png,2LAO
04060.png,EMV3
04061.png,9F1
04062.png,3DP
04063.png,6ED
04064.png,EWA5
04065.png,XM
04066.png,R2PF
04067.png,AEV
04068.png,T
04069.png,0
04070.png,R
04071.png,805
04072.png,VK8R
04073.png,HH
04074.png,G6
04075.png,QRI3
04076.png,EW
04077.png,E
04078.png,3AP1
04079.png,CK
04080.png,4V85
04081.png,3U9W
04082.png,S6
04083.png,C66
04084.png,7
04085.png,LJH5
04086.png,BHE
04087.png,R
04088.png,7B
04089.png,L
04090.png,6IYW
04091.png,7IQ
04092.png,455J
04093.png,736
04094.png,RTMG
04095.png,KP3
04096.png,2A
04097.png,0
04098.png,C1F
04099.png,CN
04100.png,A8
04101.png,TK
04102.png,TV
04103.png,6KR1
04104.png,QBFW
04105.png,A
04106.png,EWAC
04107.png,LMY
04108.png,JVTU
04109.png,03
04110.png,70
04111.png,PPM
04112.png,4YQ5
04113.png,5K
04114.png,N
04115.png,4
04116.png,Z
04117.png,G4P
04118.png,NZ7
04119.png,U
04120.png,S
04121.png,Q28J
04122.png,5520
04123.png,T
04124.png,DO
04125.png,V
04126.png,DR
04127.png,46A
04128.png,X
04129.png,69
04130.png,6U
04131.png,Y4
04132.png,Q
04133.png,V
04134.png,Y
04135.png,UC
04136.png,I2
04137.png,RMN
04138.png,PKBZ
04139.png,JZAG
04140.png,OI
04141.png,64Y
04142.png,7
04143.png,HD
04144.png,W
04145.png,ZZ
04146.png,1RT
04147.png,QTH
04148.png,0
04149.png,H6I2
04150.png,DZD
04151.png,ABH
04152.png,3
04153.png,OTJU
04154.png,YCA
04155.png,FUBX
04156.png,1X7C
04157.png,Z
04158.png,2R
04159.png,FPI0
04160.png,XIDV
04161.png,ES
04162.png,4P
04163.png,F8H
04164.png,DD09
04165.png,6D
04166.png,QL
04167.png,W
04168.png,7
04169.png,Q
04170.png,3MOP
04171.png,4OKB
04172.png,N
04173.png,R3A
04174.png,A
04175.png,U
04176.png,62FY
04177.png,ZNH
04178.png,LE5
04179.png,AA
04180.png,5I30
04181.png,N86J
04182.png,351
04183.png,BVI
04184.png,8JT6
04185.png,B4QS
04186.png,JLLQ
04187.png,L
04188.png,I
04189.png,63M
04190.png,AW
04191.png,VQBM
04192.png,AEY
04193.png,7SYF
04194.png,77JI
04195.png,L
04196.png,S
04197.png,78N0
04198.png,6FH3
04199.png,9XA
04200.png,1OK
04201.png,Z1WU
04202.png,W3BF
04203.png,72YQ
04204.png,1Z9W
04205.png,38
04206.png,2I
04207.png,QRWW
04208.png,7X3
04209.png,U3I
04210.png,YRL
04211.png,5
04212.png,ARP
04213.png,POD
04214.png,WBP
04215.png,OG
04216.png,LYV0
04217.png,5XRQ
04218.png,SU
04219.png,XU
04220.png,E
04221.png,GI
04222.png,54F
04223.png,TI
04224.png,24
04225.png,V
04226.png,OL
04227.png,UL
04228.png,10FA
04229.png,06VX
04230.png,8Y
04231.png,W7V
04232.png,Q
04233.png,07I3
04234.png,FA
04235.png,DYB
04236.png,9T7D
04237.png,G
04238.png,QEH
04239.png,R
04240.png,59
04241.png,KGJM
04242.png,J4WU
04243.png,M8
04244.png,LI
04245.png,OE
04246.png,HUDU
04247.png,9
04248.png,69
04249.png,WV0
04250.png,K5I
04251.png,2C
04252.png,KH0H
04253.png,QTY
04254.png,BDM
04255.png,D
04256.png,23IT
04257.png,RU
04258.png,S6DO
04259.png,NQN
04260.png,1FQV
04261.png,RST
04262.png,EP6
04263.png,HB
04264.png,Y10
04265.png,S18F
04266.png,BR
04267.png,4CK6
04268.png,JP
04269.png,H
04270.png,LNR
04271.png,YZVS
04272.png,R1VE
04273.png,H
04274.png,J15
04275.png,KYL
04276.png,C
04277.png,MRC
04278.png,13
04279.png,NS4
04280.png,8HHJ
04281.png,V
04282.png,M
04283.png,ER3K
04284.png,U0
04285.png,35
04286.png,N1GU
04287.png,0
04288.png,I3CY
04289.png,GSO
04290.png,3XB
04291.png,VCDT
04292.png,1H
04293.png,GQ
04294.png,RVGC
04295.png,FRYH
04296.png,B
04297.png,V
04298.png,XKX
04299.png,GYXX
04300.png,J
04301.png,K
04302.png,OUP
04303.png,APY7
04304.png,9JT
04305.png,IY5F
04306.png,BHY
04307.png,CLY8
04308.png,SX
04309.png,7
04310.png,6M75
04311.png,NADE
04312.png,WT
04313.png,X
04314.png,DFH
04315.png,W
04316.png,2
04317.png,7X7
04318.png,C4
04319.png,7
04320.png,UX
04321.png,DB
04322.png,8Q
04323.png,P0V
04324.png,4G4
04325.png,IZ
04326.png,H1FR
04327.png,VF
04328.png,3GDI
04329.png,XY
04330.png,063K
04331.png,0FYL
04332.png,R5M
04333.png,RS
04334.png,X
04335.png,W
04336.png,QDR7
04337.png,B
04338.png,S
04339.png,WTXW
04340.png,PF
04341.png,ZCD2
04342.png,E
04343.png,0F
04344.png,R95
04345.png,E
04346.png,0XY
04347.png,ADDI
04348.png,L3
04349.png,N
04350.png,W
04351.png,K
04352.png,T
04353.png,WM6
04354.png,X
04355.png,ZS0
04356.png,19Z
04357.png,4WJZ
04358.png,3U
04359.png,D50K
04360.png,NR
04361.png,CTF8
04362.png,J
04363.png,J0
04364.png,M44B
04365.png,9
04366.png,HDGA
04367.png,R
04368.png,9GA6
04369.png,9W
04370.png,Q9
04371.png,OE
04372.png,UM
04373.png,9
04374.png,V5
04375.png,9
04376.png,A8G
04377.png,16
04378.png,7NGP
04379.png,AGF6
04380.png,ICV3
04381.png,Y1X
04382.png,D
04383.png,0
04384.png,OSB
04385.png,SP5A
04386.png,SMT
04387.png,DH9
04388.png,4S
04389.png,6S
04390.png,YXA
04391.png,OBF
04392.png,DQ8
04393.png,C48
04394.png,CMZ
04395.png,LTZ
04396.png,Q
04397.png,AHOI
04398.png,7Y0
04399.png,8DA6
04400.png,140Q
04401.png,AYZ
04402.png,4
04403.png,7
04404.png,D
04405.png,V2H4
04406.png,J7
04407.png,09
04408.png,JZY
04409.png,R
04410.png,0
04411.png,I
04412.png,DG6L
04413.png,56P
04414.png,H1A
04415.png,VH
04416.png,5B6N
04417.png,WS
04418.png,N
04419.png,3
04420.png,7
04421.png,EY
04422.png,4Y
04423.png,5PF
04424.png,2CMB
04425.png,1
04426.png,VNTX
04427.png,GGIV
04428.png,G
04429.png,00
04430.png,L1K
04431.png,LZBQ
04432.png,4
04433.png,R
04434.png,6
04435.png,HEJI
04436.png,HH
04437.png,E
04438.png,OB1
04439.png,Y
04440.png,F3
04441.png,I
04442.png,R
04443.png,5P4U
04444.png,XO
04445.png,3MRH
04446.png,MGB
04447.png,W
04448.png,QBA
04449.png,S7Q
04450.png,Q
04451.png,L
04452.png,N
04453.png,91J
04454.png,WY0
04455.png,E
04456.png,IZ
04457.png,U3IE
04458.png,I25
04459.png,R
04460.png,A
04461.png,7
04462.png,BS2P
04463.png,Q6
04464.png,BPPQ
04465.png,Y
04466.png,17UA
04467.png,NL
04468.png,MN
04469.png,J9DX
04470.png,YM0U
04471.png,KST9
04472.png,D8
04473.png,3Z
04474.png,5
04475.png,9F
04476.png,Z02
04477.png,YYR
04478.png,TH
04479.png,Y3
04480.png,O2YZ
04481.png,R
04482.png,OQC
04483.png,PATZ
04484.png,QI
04485.png,R65
04486.png,XI
04487.png,VQJ
04488.png,HJ
04489.png,AC
04490.png,NDF
04491.png,40J
04492.png,J
04493.png,XBN
04494.png,HIRC
04495.png,2
04496.png,XV5
04497.png,MR4I
04498.png,NO
04499.png,7Z
04500.png,7
04501.png,5
04502.png,C
04503.png,WIL6
04504.png,UJ
04505.png,5Z
04506.png,S
04507.png,TKJ
04508.png,2Y
04509.png,8
04510.png,V8
04511.png,UW1
04512.png,EM
04513.png,8T
04514.png,QQ
04515.png,9P
04516.png,Y
04517.png,AAE
04518.png,2
04519.png,IMX
04520.png,6B7V
04521.png,9IY
04522.png,837G
04523.png,Q9
04524.png,0I58
04525.png,9
04526.png,7B
04527.png,I8Q
04528.png,CA
04529.png,1W
04530.png,S
04531.png,M
04532.png,JF
04533.png,2X
04534.png,XB3
04535.png,N
04536.png,JZ
04537.png,E
04538.png,IXYN
04539.png,S
04540.png,Q
04541.png,HZ14
04542.png,K80S
04543.png,6
04544.png,PG2
04545.png,6V6O
04546.png,97
04547.png,G31V
04548.png,6
04549.png,P
04550.png,6FZ
04551.png,9RRU
04552.png,DO
04553.png,F
04554.png,7
04555.png,Z3
04556.png,GV
04557.png,A7
04558.png,XFN
04559.png,YIS
04560.png,N16
04561.png,F
04562.png,0
04563.png,A
04564.png,CZJ
04565.png,L
04566.png,SB
04567.png,R
04568.png,SIJ8
04569.png,7
04570.png,RY
04571.png,X
04572.png,5V
04573.png,J
04574.png,C
04575.png,BK54
04576.png,4
04577.png,WAAS
04578.png,6HFK
04579.png,NGD
04580.png,4AEI
04581.png,QA
04582.png,MBR6
04583.png,FXGK
04584.png,1
04585.png,Z7V
04586.png,HU
04587.png,WK
04588.png,YWBM
04589.png,5
04590.png,J9UC
04591.png,ZB
04592.png,2N
04593.png,W
04594.png,O
04595.png,040
04596.png,SP
04597.png,OG
04598.png,GC
04599.png,RSK
04600.png,R9
04601.png,4R
04602.png,0WT
04603.png,JI0
04604.png,0FF
04605.png,4Z
04606.png,6U5A
04607.png,N
04608.png,A
04609.png,26W
04610.png,E6
04611.png,G8
04612.png,VTKV
04613.png,4TX
04614.png,YCO
04615.png,S8
04616.png,4Q
04617.png,0777
04618.png,T9S
04619.png,JU
04620.png,4A3
04621.png,7
04622.png,PFKG
04623.png,ES
04624.png,R
04625.png,2
04626.png,56B
04627.png,UI
04628.png,K
04629.png,JN
04630.png,8
04631.png,B
04632.png,TWX6
04633.png,GBD
04634.png,P
04635.png,S
04636.png,GQF
04637.png,EI
04638.png,ZT5
04639.png,E
04640.png,D
04641.png,ZTNT
04642.png,PB
04643.png,3KE
04644.png,8
04645.png,D6O
04646.png,ZL0
04647.png,88A
04648.png,6RI
04649.png,34
04650.png,4
04651.png,X
04652.png,Y6
04653.png,1
04654.png,Y7V
04655.png,PU
04656.png,VF
04657.png,QKN
04658.png,ZM
04659.png,4X30
04660.png,ZBT
04661.png,XZLG
04662.png,KJC0
04663.png,J1E
04664.png,LH
04665.png,B525
04666.png,QZ
04667.png,IH
04668.png,7
04669.png,4D
04670.png,A0
04671.png,C59
04672.png,GJZN
04673.png,Y
04674.png,9J6
04675.png,DY
04676.png,H
04677.png,38
04678.png,TOE
04679.png,4S5
04680.png,E5
04681.png,T3
04682.png,E7OC
04683.png,AS
04684.png,MT
04685.png,XO
04686.png,4
04687.png,1SYS
04688.png,JZ7E
04689.png,S
04690.png,T9
04691.png,06M8
04692.png,NY9
04693.png,8G
04694.png,C
04695.png,FW
04696.png,C
04697.png,47X
04698.png,1
04699.png,Y8DU
04700.png,Y
04701.png,C1NN
04702.png,4
04703.png,I1KU
04704.png,F
04705.png,YJMP
04706.png,HGR4
04707.png,II
04708.png,6U1B
04709.png,QY
04710.png,P8
04711.png,UK
04712.png,6LJR
04713.png,3R
04714.png,51
04715.png,G7K
04716.png,0D
04717.png,WZJI
04718.png,JO5
04719.png,3U
04720.png,LV
04721.png,7GT
04722.png,FZ1
04723.png,Q
04724.png,FYP3
04725.png,HV
04726.png,NP
04727.png,W
04728.png,D
04729.png,K03
04730.png,JT
04731.png,W6
04732.png,P88X
04733.png,CIMF
04734.png,I
04735.png,U
04736.png,5T
04737.png,2QXQ
04738.png,A7S4
04739.png,SH
04740.png,3Z
04741.png,A9
04742.png,AW
04743.png,YUQ
04744.png,F
04745.png,U01
04746.png,XS
04747.png,J80
04748.png,GKGA
04749.png,J5K2
04750.png,V3RW
04751.png,819C
04752.png,YV7E
04753.png,UWX
04754.png,Y9
04755.png,7VS
04756.png,HD
04757.png,3
04758.png,L
04759.png,7
04760.png,O3T
04761.png,2NL
04762.png,3LR
04763.png,XZ5
04764.png,RL4R
04765.png,NUN
04766.png,CMJ
04767.png,A5O
04768.png,YTMT
04769.png,F
04770.png,K
04771.png,YT5
04772.png,D
04773.png,61
04774.png,Z
04775.png,PN
04776.png,QH
04777.png,R
04778.png,SQ7
04779.png,WMX
04780.png,D
04781.png,6KHO
04782.png,NSB
04783.png,EO3
04784.png,4
04785.png,6CQ
04786.png,C
04787.png,4B60
04788.png,I9
04789.png,B
04790.png,9
04791.png,F
04792.png,0
04793.png,F2
04794.png,D67
04795.png,YQS
04796.png,6H0X
04797.png,4
04798.png,TKTD
04799.png,VZ
04800.png,MH9H
04801.png,C0
04802.png,U40
04803.png,07B
04804.png,EX7
04805.png,KVEH
04806.png,65D
04807.png,WHVC
04808.png,V5
04809.png,JLZ
04810.png,JHP
04811.png,DG
04812.png,FH
04813.png,S3CL
04814.png,F2M
04815.png,0
04816.png,F
04817.png,KVT
04818.png,187I
04819.png,C
04820.png,9
04821.png,9
04822.png,O
04823.png,VSCA
04824.png,LW
04825.png,B
04826.png,7V
04827.png,3Q
04828.png,YW
04829.png,VSF
04830.png,IPIH
04831.png,LZ
04832.png,GQX4
04833.png,MZW
04834.png,YD1
04835.png,RVIR
04836.png,5ZB
04837.png,EN
04838.png,5SYP
04839.png,YSPV
04840.png,YT0M
04841.png,9DHZ
04842.png,297
04843.png,2RV
04844.png,W
04845.png,3H
04846.png,NSAK
04847.png,7B7
04848.png,1GF6
04849.png,E
04850.png,JOQ0
04851.png,9IJ
04852.png,Z2QZ
04853.png,W2F
04854.png,ZI
04855.png,G
04856.png,V
04857.png,Z
04858.png,ZD
04859.png,XGQ
04860.png,4LJB
04861.png,INO
04862.png,PVH
04863.png,Y
04864.png,M2
04865.png,DAQ
04866.png,TS
04867.png,X
04868.png,P
04869.png,AXV
04870.png,J
04871.png,QC
04872.png,W3X
04873.png,SK9
04874.png,1
04875.png,CKA
04876.png,WZEP
04877.png,68P
04878.png,2
04879.png,CC0
04880.png,8
04881.png,36J
04882.png,8LOR
04883.png,JJ
04884.png,P
04885.png,QS4P
04886.png,JG
04887.png,G
04888.png,KEY0
04889.png,L0N
04890.png,U8BP
04891.png,8S7A
04892.png,2XX3
04893.png,D
04894.png,6
04895.png,L
04896.png,2U
04897.png,V
04898.png,7RYY
04899.png,UD
04900.png,RT
04901.png,46W
04902.png,5KT
04903.png,B9W7
04904.png,8H
04905.png,OXG4
04906.png,X04
04907.png,1CK
04908.png,83G
04909.png,SML
04910.png,7O
04911.png,876
04912.png,LN
04913.png,AN
04914.png,Y1
04915.png,MR
04916.png,PY
04917.png,TN
04918.png,FZCH
04919.png,J
04920.png,6
04921.png,F
04922.png,W86
04923.png,AC
04924.png,6E
04925.png,P
04926.png,LFP
04927.png,ZR3
04928.png,CFHC
04929.png,4J4
04930.png,1YGL
04931.png,B7
04932.png,AC
04933.png,89E
04934.png,CU8
04935.png,7UC
04936.png,J
04937.png,B71
04938.png,9
04939.png,KJBL
04940.png,C
04941.png,BT
04942.png,G
04943.png,TV
04944.png,1W
04945.png,Z
04946.png,3Z
04947.png,TQLX
04948.png,MA
04949.png,J
04950.png,UHZ
04951.png,C
04952.png,OE5P
04953.png,H7N
04954.png,F1
04955.png,F
04956.png,VENU
04957.png,MZR0
04958.png,A
04959.png,QX
04960.png,C1MF
04961.png,4NU
04962.png,JAQI
04963.png,5O
04964.png,A5
04965.png,LUED
04966.png,JY
04967.png,T5CM
04968.png,H1
04969.png,LNQ
04970.png,PS
04971.png,X
04972.png,XA3
04973.png,D74Y
04974.png,0G
04975.png,CB
04976.png,2
04977.png,NCWN
04978.png,80F9
04979.png,SY
04980.png,E
04981.png,ZP
04982.png,N
04983.png,GNX
04984.png,1Z
04985.png,CH
04986.png,S
04987.png,J
04988.png,O
04989.png,I6
04990.png,49G
04991.png,G5O
04992.png,M
04993.png,2IQ
04994.png,0TV
04995.png,O9K
04996.png,FF
04997.png,XC7
04998.png,BKC7
04999.png,DT
